Species ID;ITIS code;Catalogue of Life;Class;Order;Family;Species
a;a;a;a;a;a;a
A1;662323;v1.9 rev 2126ab0;Amphibia;Anura;Alytidae;Alytes cisternasii
A2;662324;v1.9 rev 2126ab0;Amphibia;Anura;Alytidae;Alytes dickhilleni
A3;662326;v1.9 rev 2126ab0;Amphibia;Anura;Alytidae;Alytes muletensis
A4;662327;v1.9 rev 2126ab0;Amphibia;Anura;Alytidae;Alytes obstetricans
A5;661625;v1.9 rev 2126ab0;Amphibia;Anura;Bombinatoridae;Bombina bombina
A6;661631;v1.9 rev 2126ab0;Amphibia;Anura;Bombinatoridae;Bombina pachypus
A7;661632;v1.9 rev 2126ab0;Amphibia;Anura;Bombinatoridae;Bombina variegata
A8;173480;v1.9 rev 2126ab0;Amphibia;Anura;Bufonidae;Bufo bufo
A9;773560;v1.9 rev 2126ab0;Amphibia;Anura;Bufonidae;Epidalea calamita
A10;585630;v1.9 rev 2126ab0;Amphibia;Anura;Bufonidae;Bufo verrucosissimus
A11;1103405;v1.9 rev 2126ab0;Amphibia;Anura;Bufonidae;Bufotes viridis
A12;668361;v1.9 rev 2126ab0;Amphibia;Caudata;Salamandridae;Chioglossa lusitanica
A13;662328;v1.9 rev 2126ab0;Amphibia;Anura;Alytidae;Discoglossus galganoi
A14;662329;v1.9 rev 2126ab0;Amphibia;Anura;Alytidae;Discoglossus jeanneae
A15;773324;v1.9 rev 2126ab0;Amphibia;Anura;Alytidae;Discoglossus montalentii
A16;662330;v1.9 rev 2126ab0;Amphibia;Anura;Alytidae;Discoglossus pictus
A17;662331;v1.9 rev 2126ab0;Amphibia;Anura;Alytidae;Discoglossus sardus
A18;775916;v1.9 rev 2126ab0;Amphibia;Caudata;Salamandridae;Calotriton asper
A19;668372;v1.9 rev 2126ab0;Amphibia;Caudata;Salamandridae;Euproctus montanus
A20;668373;v1.9 rev 2126ab0;Amphibia;Caudata;Salamandridae;Euproctus platycephalus
A21;662424;v1.9 rev 2126ab0;Amphibia;Anura;Hylidae;Hyla arborea
A22;662524;v1.9 rev 2126ab0;Amphibia;Anura;Hylidae;Hyla intermedia
A23;662563;v1.9 rev 2126ab0;Amphibia;Anura;Hylidae;Hyla meridionalis
A24;662633;v1.9 rev 2126ab0;Amphibia;Anura;Hylidae;Hyla sarda
A25;662634;v1.9 rev 2126ab0;Amphibia;Anura;Hylidae;Hyla savignyi
A26;775923;v1.9 rev 2126ab0;Amphibia;Caudata;Salamandridae;Lyciasalamandra antalyana
A27;775924;v1.9 rev 2126ab0;Amphibia;Caudata;Salamandridae;Lyciasalamandra atifi
A28;775925;v1.9 rev 2126ab0;Amphibia;Caudata;Salamandridae;Lyciasalamandra billae
A29;775926;v1.9 rev 2126ab0;Amphibia;Caudata;Salamandridae;Lyciasalamandra fazilae
A30;775927;v1.9 rev 2126ab0;Amphibia;Caudata;Salamandridae;Lyciasalamandra flavimembris
A31;775928;v1.9 rev 2126ab0;Amphibia;Caudata;Salamandridae;Lyciasalamandra helverseni
A32;775929;v1.9 rev 2126ab0;Amphibia;Caudata;Salamandridae;Lyciasalamandra luschani
A33;668374;v1.9 rev 2126ab0;Amphibia;Caudata;Salamandridae;Mertensiella caucasica
A34;668375;v1.9 rev 2126ab0;Amphibia;Caudata;Salamandridae;Neurergus crocatus
A35;668378;v1.9 rev 2126ab0;Amphibia;Caudata;Salamandridae;Neurergus strauchii
A36;664729;v1.9 rev 2126ab0;Amphibia;Anura;Pelobatidae;Pelobates cultripes
A37;664730;v1.9 rev 2126ab0;Amphibia;Anura;Pelobatidae;Pelobates fuscus
A38;664731;v1.9 rev 2126ab0;Amphibia;Anura;Pelobatidae;Pelobates syriacus
A39;664733;v1.9 rev 2126ab0;Amphibia;Anura;Pelodytidae;Pelodytes caucasicus
A40;664734;v1.9 rev 2126ab0;Amphibia;Anura;Pelodytidae;Pelodytes ibericus
A41;664735;v1.9 rev 2126ab0;Amphibia;Anura;Pelodytidae;Pelodytes punctatus
A42;668389;v1.9 rev 2126ab0;Amphibia;Caudata;Salamandridae;Pleurodeles waltl
A43;208253;v1.9 rev 2126ab0;Amphibia;Caudata;Proteidae;Proteus anguinus
A44;665263;v1.9 rev 2126ab0;Amphibia;Anura;Ranidae;Rana arvalis
A45;775178;v1.9 rev 2126ab0;Amphibia;Anura;Ranidae;Pelophylax bedriagae
A46;775179;v1.9 rev 2126ab0;Amphibia;Anura;Ranidae;Pelophylax bergeri
A47;775181;v1.9 rev 2126ab0;Amphibia;Anura;Ranidae;Pelophylax cerigensis
A48;775183;v1.9 rev 2126ab0;Amphibia;Anura;Ranidae;Pelophylax cretensis
A49;665296;v1.9 rev 2126ab0;Amphibia;Anura;Ranidae;Rana dalmatina
A50;775185;v1.9 rev 2126ab0;Amphibia;Anura;Ranidae;Pelophylax epeiroticus
A51;775188;v1.9 rev 2126ab0;Amphibia;Anura;Ranidae;Pelophylax esculentus
A52;665317;v1.9 rev 2126ab0;Amphibia;Anura;Ranidae;Rana graeca
A53;n/a;n/a;Amphibia;Anura;Ranidae;Pelophylax kl. grafi
A54;n/a;n/a;Amphibia;Anura;Ranidae;Pelophylax kl. hispanicus
A55;665335;v1.9 rev 2126ab0;Amphibia;Anura;Ranidae;Rana iberica
A56;665338;v1.9 rev 2126ab0;Amphibia;Anura;Ranidae;Rana italica
A57;775188;v1.9 rev 2126ab0;Amphibia;Anura;Ranidae;Pelophylax kurtmuelleri
A58;665351;v1.9 rev 2126ab0;Amphibia;Anura;Ranidae;Rana latastei
A59;775190;v1.9 rev 2126ab0;Amphibia;Anura;Ranidae;Pelophylax lessonae
A60;665365;v1.9 rev 2126ab0;Amphibia;Anura;Ranidae;Rana macrocnemis
A61;775192;v1.9 rev 2126ab0;Amphibia;Anura;Ranidae;Pelophylax perezi
A62;665405;v1.9 rev 2126ab0;Amphibia;Anura;Ranidae;Rana pyrenaica
A63;775195;v1.9 rev 2126ab0;Amphibia;Anura;Ranidae;Pelophylax ridibundus
A64;775197;v1.9 rev 2126ab0;Amphibia;Anura;Ranidae;Pelophylax shqipericus
A65;775212;v1.9 rev 2126ab0;Amphibia;Anura;Ranidae;Rana tavasensis
A66;173444;v1.9 rev 2126ab0;Amphibia;Anura;Ranidae;Rana temporaria
A67;668391;v1.9 rev 2126ab0;Amphibia;Caudata;Salamandridae;Salamandra atra
A68;668392;v1.9 rev 2126ab0;Amphibia;Caudata;Salamandridae;Salamandra corsica
A69;668393;v1.9 rev 2126ab0;Amphibia;Caudata;Salamandridae;Salamandra infraimmaculata
A70;668394;v1.9 rev 2126ab0;Amphibia;Caudata;Salamandridae;Salamandra lanzai
A71;668396;v1.9 rev 2126ab0;Amphibia;Caudata;Salamandridae;Salamandra salamandra
A72;668238;v1.9 rev 2126ab0;Amphibia;Caudata;Hynobiidae;Salamandrella keyserlingii
A73;775937;v1.9 rev 2126ab0;Amphibia;Caudata;Salamandridae;Salamandrina perspicillata
A74;775938;v1.9 rev 2126ab0;Amphibia;Caudata;Salamandridae;Salamandrina terdigitata
A75;668339;v1.9 rev 2126ab0;Amphibia;Caudata;Plethodontidae;Speleomantes ambrosii
A76;668340;v1.9 rev 2126ab0;Amphibia;Caudata;Plethodontidae;Speleomantes flavus
A77;668341;v1.9 rev 2126ab0;Amphibia;Caudata;Plethodontidae;Speleomantes genei
A78;668342;v1.9 rev 2126ab0;Amphibia;Caudata;Plethodontidae;Speleomantes imperialis
A79;668343;v1.9 rev 2126ab0;Amphibia;Caudata;Plethodontidae;Speleomantes italicus
A80;775912;v1.9 rev 2126ab0;Amphibia;Caudata;Plethodontidae;Speleomantes sarrabusensis
A81;668344;v1.9 rev 2126ab0;Amphibia;Caudata;Plethodontidae;Speleomantes strinatii
A82;668345;v1.9 rev 2126ab0;Amphibia;Caudata;Plethodontidae;Speleomantes supramontis
A83;775917;v1.9 rev 2126ab0;Amphibia;Caudata;Salamandridae;Ichthyosaura alpestris
A84;775918;v1.9 rev 2126ab0;Amphibia;Caudata;Salamandridae;Lissotriton boscai
A85;668400;v1.9 rev 2126ab0;Amphibia;Caudata;Salamandridae;Triturus carnifex
A86;668401;v1.9 rev 2126ab0;Amphibia;Caudata;Salamandridae;Triturus cristatus
A87;668402;v1.9 rev 2126ab0;Amphibia;Caudata;Salamandridae;Triturus dobrogicus
A88;775919;v1.9 rev 2126ab0;Amphibia;Caudata;Salamandridae;Lissotriton helveticus
A89;775920;v1.9 rev 2126ab0;Amphibia;Caudata;Salamandridae;Lissotriton italicus
A90;668405;v1.9 rev 2126ab0;Amphibia;Caudata;Salamandridae;Triturus karelinii
A91;668406;v1.9 rev 2126ab0;Amphibia;Caudata;Salamandridae;Triturus marmoratus
A92;775921;v1.9 rev 2126ab0;Amphibia;Caudata;Salamandridae;Lissotriton montandoni
A93;668408;v1.9 rev 2126ab0;Amphibia;Caudata;Salamandridae;Triturus pygmaeus
A94;775931;v1.9 rev 2126ab0;Amphibia;Caudata;Salamandridae;Ommatotriton vittatus
A95;775922;v1.9 rev 2126ab0;Amphibia;Caudata;Salamandridae;Lissotriton vulgaris
A96;775180;v1.9 rev 2126ab0;Amphibia;Anura;Ranidae;Pelophylax caralitanus
A97;775930;v1.9 rev 2126ab0;Amphibia;Caudata;Salamandridae;Ommatotriton ophryticus
A98;665365;v1.9 rev 2126ab0;Amphibia;Anura;Ranidae;Rana macrocnemis holtzi
A99;775915;v1.9 rev 2126ab0;Amphibia;Caudata;Salamandridae;Calotriton arnoldi
A100;1103437;v1.9 rev 2126ab0;Amphibia;Anura;Bufonidae;Bufotes balearica
A101;1103484;v1.9 rev 2126ab0;Amphibia;Anura;Bufonidae;Bufotes boulengeri
A102;1103430;v1.9 rev 2126ab0;Amphibia;Anura;Bufonidae;Bufotes sicula
A103;1103415;v1.9 rev 2126ab0;Amphibia;Anura;Bufonidae;Bufotes variabilis
A104;775940;v1.9 rev 2126ab0;Amphibia;Caudata;Salamandridae;Triturus macedonicus
B1;174474;v1.9 rev 2126ab0;Aves;Gaviiformes;Gaviidae;Gavia stellata
B2;174471;v1.9 rev 2126ab0;Aves;Gaviiformes;Gaviidae;Gavia arctica
B3;174469;v1.9 rev 2126ab0;Aves;Gaviiformes;Gaviidae;Gavia immer
B4;174470;v1.9 rev 2126ab0;Aves;Gaviiformes;Gaviidae;Gavia adamsii
B5;563259;v1.9 rev 2126ab0;Aves;Podicipediformes;Podicipedidae;Tachybaptus ruficollis
B6;174491;v1.9 rev 2126ab0;Aves;Podicipediformes;Podicipedidae;Podiceps cristatus
B7;174479;v1.9 rev 2126ab0;Aves;Podicipediformes;Podicipedidae;Podiceps grisegena
B8;174482;v1.9 rev 2126ab0;Aves;Podicipediformes;Podicipedidae;Podiceps auritus
B9;174485;v1.9 rev 2126ab0;Aves;Podicipediformes;Podicipedidae;Podiceps nigricollis
B10;174536;v1.9 rev 2126ab0;Aves;Procellariiformes;Procellariidae;Fulmarus glacialis
B11;562557;v1.9 rev 2126ab0;Aves;Procellariiformes;Procellariidae;Pterodroma feae
B12;562558;v1.9 rev 2126ab0;Aves;Procellariiformes;Procellariidae;Pterodroma madeira
B13;554144;v1.9 rev 2126ab0;Aves;Procellariiformes;Procellariidae;Bulweria bulwerii
B14;203446;v1.9 rev 2126ab0;Aves;Procellariiformes;Procellariidae;Calonectris diomedea
B15;174555;v1.9 rev 2126ab0;Aves;Procellariiformes;Procellariidae;Puffinus puffinus
B16;562599;v1.9 rev 2126ab0;Aves;Procellariiformes;Procellariidae;Puffinus yelkouan
B17;723254;v1.9 rev 2126ab0;Aves;Procellariiformes;Procellariidae;Puffinus mauretanicus
B18;174559;v1.9 rev 2126ab0;Aves;Procellariiformes;Procellariidae;Puffinus assimilis
B19;174621;v1.9 rev 2126ab0;Aves;Procellariiformes;Hydrobatidae;Pelagodroma marina
B20;174663;v1.9 rev 2126ab0;Aves;Procellariiformes;Hydrobatidae;Hydrobates pelagicus
B21;174628;v1.9 rev 2126ab0;Aves;Procellariiformes;Hydrobatidae;Oceanodroma leucorhoa
B22;174636;v1.9 rev 2126ab0;Aves;Procellariiformes;Hydrobatidae;Oceanodroma castro
B23;174673;v1.9 rev 2126ab0;Aves;Pelecaniformes;Phaethontidae;Phaethon aethereus
B24;174712;v1.9 rev 2126ab0;Aves;Pelecaniformes;Sulidae;Morus bassanus
B25;174715;v1.9 rev 2126ab0;Aves;Pelecaniformes;Phalacrocoracidae;Phalacrocorax carbo
B26;174733;v1.9 rev 2126ab0;Aves;Pelecaniformes;Phalacrocoracidae;Phalacrocorax aristotelis
B27;561972;v1.9 rev 2126ab0;Aves;Pelecaniformes;Phalacrocoracidae;Phalacrocorax pygmaeus
B28;174693;v1.9 rev 2126ab0;Aves;Pelecaniformes;Pelecanidae;Pelecanus onocrotalus
B29;174692;v1.9 rev 2126ab0;Aves;Pelecaniformes;Pelecanidae;Pelecanus crispus
B30;174781;v1.9 rev 2126ab0;Aves;Ciconiiformes;Ardeidae;Ardea cinerea
B31;174791;v1.9 rev 2126ab0;Aves;Ciconiiformes;Ardeidae;Ardea purpurea
B32;554135;v1.9 rev 2126ab0;Aves;Ciconiiformes;Ardeidae;Ardea alba
B33;174816;v1.9 rev 2126ab0;Aves;Ciconiiformes;Ardeidae;Egretta garzetta
B34;174864;v1.9 rev 2126ab0;Aves;Ciconiiformes;Ardeidae;Ardeola ralloides
B35;174803;v1.9 rev 2126ab0;Aves;Ciconiiformes;Ardeidae;Bubulcus ibis
B36;174832;v1.9 rev 2126ab0;Aves;Ciconiiformes;Ardeidae;Nycticorax nycticorax
B37;174850;v1.9 rev 2126ab0;Aves;Ciconiiformes;Ardeidae;Ixobrychus minutus
B38;174859;v1.9 rev 2126ab0;Aves;Ciconiiformes;Ardeidae;Botaurus stellaris
B39;174909;v1.9 rev 2126ab0;Aves;Ciconiiformes;Ciconiidae;Ciconia nigra
B40;174907;v1.9 rev 2126ab0;Aves;Ciconiiformes;Ciconiidae;Ciconia ciconia
B41;174924;v1.9 rev 2126ab0;Aves;Ciconiiformes;Threskiornithidae;Plegadis falcinellus
B42;174933;v1.9 rev 2126ab0;Aves;Ciconiiformes;Threskiornithidae;Platalea leucorodia
B43;824111;v1.9 rev 2126ab0;Aves;Phoenicopteriformes;Phoenicopteridae;Phoenicopterus roseus
B44;174985;v1.9 rev 2126ab0;Aves;Anseriformes;Anatidae;Cygnus olor
B45;174990;v1.9 rev 2126ab0;Aves;Anseriformes;Anatidae;Cygnus cygnus
B46;174987;v1.9 rev 2126ab0;Aves;Anseriformes;Anatidae;Cygnus columbianus
B47;175024;v1.9 rev 2126ab0;Aves;Anseriformes;Anatidae;Anser fabalis
B48;175036;v1.9 rev 2126ab0;Aves;Anseriformes;Anatidae;Anser brachyrhynchus
B49;175020;v1.9 rev 2126ab0;Aves;Anseriformes;Anatidae;Anser albifrons
B50;175033;v1.9 rev 2126ab0;Aves;Anseriformes;Anatidae;Anser erythropus
B51;175028;v1.9 rev 2126ab0;Aves;Anseriformes;Anatidae;Anser anser
B53;175014;v1.9 rev 2126ab0;Aves;Anseriformes;Anatidae;Branta leucopsis
B54;175011;v1.9 rev 2126ab0;Aves;Anseriformes;Anatidae;Branta bernicla
B56;175056;v1.9 rev 2126ab0;Aves;Anseriformes;Anatidae;Tadorna ferruginea
B57;175055;v1.9 rev 2126ab0;Aves;Anseriformes;Anatidae;Tadorna tadorna
B58;175092;v1.9 rev 2126ab0;Aves;Anseriformes;Anatidae;Anas penelope
B59;175073;v1.9 rev 2126ab0;Aves;Anseriformes;Anatidae;Anas strepera
B60;175081;v1.9 rev 2126ab0;Aves;Anseriformes;Anatidae;Anas crecca
B61;175063;v1.9 rev 2126ab0;Aves;Anseriformes;Anatidae;Anas platyrhynchos
B62;175074;v1.9 rev 2126ab0;Aves;Anseriformes;Anatidae;Anas acuta
B63;175093;v1.9 rev 2126ab0;Aves;Anseriformes;Anatidae;Anas querquedula
B64;175096;v1.9 rev 2126ab0;Aves;Anseriformes;Anatidae;Anas clypeata
B65;553925;v1.9 rev 2126ab0;Aves;Anseriformes;Anatidae;Marmaronetta angustirostris
B66;175234;v1.9 rev 2126ab0;Aves;Anseriformes;Anatidae;Netta rufina
B67;175126;v1.9 rev 2126ab0;Aves;Anseriformes;Anatidae;Aythya ferina
B68;175139;v1.9 rev 2126ab0;Aves;Anseriformes;Anatidae;Aythya nyroca
B69;175135;v1.9 rev 2126ab0;Aves;Anseriformes;Anatidae;Aythya fuligula
B70;175130;v1.9 rev 2126ab0;Aves;Anseriformes;Anatidae;Aythya marila
B71;175155;v1.9 rev 2126ab0;Aves;Anseriformes;Anatidae;Somateria mollissima
B72;175160;v1.9 rev 2126ab0;Aves;Anseriformes;Anatidae;Somateria spectabilis
B73;175153;v1.9 rev 2126ab0;Aves;Anseriformes;Anatidae;Polysticta stelleri
B74;175149;v1.9 rev 2126ab0;Aves;Anseriformes;Anatidae;Histrionicus histrionicus
B75;175147;v1.9 rev 2126ab0;Aves;Anseriformes;Anatidae;Clangula hyemalis
B76;175171;v1.9 rev 2126ab0;Aves;Anseriformes;Anatidae;Melanitta nigra
B77;175163;v1.9 rev 2126ab0;Aves;Anseriformes;Anatidae;Melanitta fusca
B78;175141;v1.9 rev 2126ab0;Aves;Anseriformes;Anatidae;Bucephala clangula
B79;175144;v1.9 rev 2126ab0;Aves;Anseriformes;Anatidae;Bucephala islandica
B80;175196;v1.9 rev 2126ab0;Aves;Anseriformes;Anatidae;Mergellus albellus
B81;175187;v1.9 rev 2126ab0;Aves;Anseriformes;Anatidae;Mergus serrator
B82;175185;v1.9 rev 2126ab0;Aves;Anseriformes;Anatidae;Mergus merganser
B84;175179;v1.9 rev 2126ab0;Aves;Anseriformes;Anatidae;Oxyura leucocephala
B85;175590;v1.9 rev 2126ab0;Aves;Falconiformes;Accipitridae;Pandion haliaetus
B86;175454;v1.9 rev 2126ab0;Aves;Falconiformes;Accipitridae;Pernis apivorus
B87;175284;v1.9 rev 2126ab0;Aves;Falconiformes;Accipitridae;Elanus caeruleus
B88;175470;v1.9 rev 2126ab0;Aves;Falconiformes;Accipitridae;Milvus milvus
B89;175469;v1.9 rev 2126ab0;Aves;Falconiformes;Accipitridae;Milvus migrans
B90;175419;v1.9 rev 2126ab0;Aves;Falconiformes;Accipitridae;Haliaeetus albicilla
B91;175483;v1.9 rev 2126ab0;Aves;Falconiformes;Accipitridae;Gypaetus barbatus
B92;175481;v1.9 rev 2126ab0;Aves;Falconiformes;Accipitridae;Neophron percnopterus
B93;175487;v1.9 rev 2126ab0;Aves;Falconiformes;Accipitridae;Gyps fulvus
B94;175494;v1.9 rev 2126ab0;Aves;Falconiformes;Accipitridae;Aegypius monachus
B95;175502;v1.9 rev 2126ab0;Aves;Falconiformes;Accipitridae;Circaetus gallicus
B96;559297;v1.9 rev 2126ab0;Aves;Falconiformes;Accipitridae;Circus aeruginosus
B97;175430;v1.9 rev 2126ab0;Aves;Falconiformes;Accipitridae;Circus cyaneus
B98;175436;v1.9 rev 2126ab0;Aves;Falconiformes;Accipitridae;Circus macrourus
B99;175439;v1.9 rev 2126ab0;Aves;Falconiformes;Accipitridae;Circus pygargus
B100;175312;v1.9 rev 2126ab0;Aves;Falconiformes;Accipitridae;Accipiter brevipes
B101;175333;v1.9 rev 2126ab0;Aves;Falconiformes;Accipitridae;Accipiter nisus
B102;175300;v1.9 rev 2126ab0;Aves;Falconiformes;Accipitridae;Accipiter gentilis
B103;175383;v1.9 rev 2126ab0;Aves;Falconiformes;Accipitridae;Buteo buteo
B104;175392;v1.9 rev 2126ab0;Aves;Falconiformes;Accipitridae;Buteo rufinus
B105;175373;v1.9 rev 2126ab0;Aves;Falconiformes;Accipitridae;Buteo lagopus
B106;175414;v1.9 rev 2126ab0;Aves;Falconiformes;Accipitridae;Aquila pomarina
B107;175411;v1.9 rev 2126ab0;Aves;Falconiformes;Accipitridae;Aquila clanga
B108;558729;v1.9 rev 2126ab0;Aves;Falconiformes;Accipitridae;Aquila nipalensis
B109;558728;v1.9 rev 2126ab0;Aves;Falconiformes;Accipitridae;Aquila adalberti
B110;175413;v1.9 rev 2126ab0;Aves;Falconiformes;Accipitridae;Aquila heliaca
B111;175407;v1.9 rev 2126ab0;Aves;Falconiformes;Accipitridae;Aquila chrysaetos
B112;824019;v1.9 rev 2126ab0;Aves;Falconiformes;Accipitridae;Aquila fasciata
B113;175568;v1.9 rev 2126ab0;Aves;Falconiformes;Accipitridae;Hieraaetus pennatus
B114;175646;v1.9 rev 2126ab0;Aves;Falconiformes;Falconidae;Falco naumanni
B115;175620;v1.9 rev 2126ab0;Aves;Falconiformes;Falconidae;Falco tinnunculus
B116;175656;v1.9 rev 2126ab0;Aves;Falconiformes;Falconidae;Falco vespertinus
B117;175639;v1.9 rev 2126ab0;Aves;Falconiformes;Falconidae;Falco eleonorae
B118;175613;v1.9 rev 2126ab0;Aves;Falconiformes;Falconidae;Falco columbarius
B119;175654;v1.9 rev 2126ab0;Aves;Falconiformes;Falconidae;Falco subbuteo
B120;175631;v1.9 rev 2126ab0;Aves;Falconiformes;Falconidae;Falco biarmicus
B121;175633;v1.9 rev 2126ab0;Aves;Falconiformes;Falconidae;Falco cherrug
B122;175599;v1.9 rev 2126ab0;Aves;Falconiformes;Falconidae;Falco rusticolus
B123;175604;v1.9 rev 2126ab0;Aves;Falconiformes;Falconidae;Falco peregrinus
B124;175804;v1.9 rev 2126ab0;Aves;Galliformes;Phasianidae;Lagopus lagopus
B125;677542;v1.9 rev 2126ab0;Aves;Galliformes;Phasianidae;Lagopus muta
B126;553893;v1.9 rev 2126ab0;Aves;Galliformes;Phasianidae;Tetrao urogallus
B127;677538;v1.9 rev 2126ab0;Aves;Galliformes;Phasianidae;Lyrurus tetrix
B128;677539;v1.9 rev 2126ab0;Aves;Galliformes;Phasianidae;Lyrurus mlokosiewiczi
B129;677536;v1.9 rev 2126ab0;Aves;Galliformes;Phasianidae;Tetrastes bonasia
B130;553829;v1.9 rev 2126ab0;Aves;Galliformes;Phasianidae;Tetraogallus caucasicus
B131;175951;v1.9 rev 2126ab0;Aves;Galliformes;Phasianidae;Tetraogallus caspius
B132;175910;v1.9 rev 2126ab0;Aves;Galliformes;Phasianidae;Alectoris graeca
B133;175908;v1.9 rev 2126ab0;Aves;Galliformes;Phasianidae;Alectoris chukar
B134;175909;v1.9 rev 2126ab0;Aves;Galliformes;Phasianidae;Alectoris barbara
B135;175913;v1.9 rev 2126ab0;Aves;Galliformes;Phasianidae;Alectoris rufa
B136;175947;v1.9 rev 2126ab0;Aves;Galliformes;Phasianidae;Ammoperdix griseogularis
B137;175974;v1.9 rev 2126ab0;Aves;Galliformes;Phasianidae;Francolinus francolinus
B138;175915;v1.9 rev 2126ab0;Aves;Galliformes;Phasianidae;Perdix perdix
B139;553871;v1.9 rev 2126ab0;Aves;Galliformes;Phasianidae;Coturnix coturnix
B140;175905;v1.9 rev 2126ab0;Aves;Galliformes;Phasianidae;Phasianus colchicus
B141;678962;v1.9 rev 2126ab0;Aves;Gruiformes;Turnicidae;Turnix sylvaticus
B142;176192;v1.9 rev 2126ab0;Aves;Gruiformes;Gruidae;Anthropoides virgo
B143;176183;v1.9 rev 2126ab0;Aves;Gruiformes;Gruidae;Grus grus
B144;176223;v1.9 rev 2126ab0;Aves;Gruiformes;Rallidae;Rallus aquaticus
B145;176277;v1.9 rev 2126ab0;Aves;Gruiformes;Rallidae;Crex crex
B146;176249;v1.9 rev 2126ab0;Aves;Gruiformes;Rallidae;Porzana parva
B147;176251;v1.9 rev 2126ab0;Aves;Gruiformes;Rallidae;Porzana pusilla
B148;176241;v1.9 rev 2126ab0;Aves;Gruiformes;Rallidae;Porzana porzana
B149;176390;v1.9 rev 2126ab0;Aves;Gruiformes;Rallidae;Porphyrio porphyrio
B150;176284;v1.9 rev 2126ab0;Aves;Gruiformes;Rallidae;Gallinula chloropus
B151;176297;v1.9 rev 2126ab0;Aves;Gruiformes;Rallidae;Fulica cristata
B152;176290;v1.9 rev 2126ab0;Aves;Gruiformes;Rallidae;Fulica atra
B153;176419;v1.9 rev 2126ab0;Aves;Gruiformes;Otididae;Otis tarda
B154;563379;v1.9 rev 2126ab0;Aves;Galliformes;Phasianidae;Tetrax tetrax
B155;176469;v1.9 rev 2126ab0;Aves;Charadriiformes;Haematopodidae;Haematopus ostralegus
B156;176727;v1.9 rev 2126ab0;Aves;Charadriiformes;Recurvirostridae;Himantopus himantopus
B157;176723;v1.9 rev 2126ab0;Aves;Charadriiformes;Recurvirostridae;Recurvirostra avosetta
B158;176749;v1.9 rev 2126ab0;Aves;Charadriiformes;Burhinidae;Burhinus oedicnemus
B159;176777;v1.9 rev 2126ab0;Aves;Charadriiformes;Glareolidae;Glareola pratincola
B160;176774;v1.9 rev 2126ab0;Aves;Charadriiformes;Glareolidae;Glareola nordmanni
B161;176481;v1.9 rev 2126ab0;Aves;Charadriiformes;Charadriidae;Vanellus vanellus
B162;176499;v1.9 rev 2126ab0;Aves;Charadriiformes;Charadriidae;Vanellus spinosus
B163;176489;v1.9 rev 2126ab0;Aves;Charadriiformes;Charadriidae;Vanellus indicus
B165;176490;v1.9 rev 2126ab0;Aves;Charadriiformes;Charadriidae;Vanellus leucurus
B166;176561;v1.9 rev 2126ab0;Aves;Charadriiformes;Charadriidae;Pluvialis apricaria
B167;176567;v1.9 rev 2126ab0;Aves;Charadriiformes;Charadriidae;Pluvialis squatarola
B168;176504;v1.9 rev 2126ab0;Aves;Charadriiformes;Charadriidae;Charadrius hiaticula
B169;176529;v1.9 rev 2126ab0;Aves;Charadriiformes;Charadriidae;Charadrius dubius
B170;176510;v1.9 rev 2126ab0;Aves;Charadriiformes;Charadriidae;Charadrius alexandrinus
B171;176532;v1.9 rev 2126ab0;Aves;Charadriiformes;Charadriidae;Charadrius leschenaultii
B172;176524;v1.9 rev 2126ab0;Aves;Charadriiformes;Charadriidae;Charadrius asiaticus
B173;176545;v1.9 rev 2126ab0;Aves;Charadriiformes;Charadriidae;Charadrius morinellus
B174;176578;v1.9 rev 2126ab0;Aves;Charadriiformes;Scolopacidae;Scolopax rusticola
B175;176591;v1.9 rev 2126ab0;Aves;Charadriiformes;Scolopacidae;Lymnocryptes minimus
B176;176710;v1.9 rev 2126ab0;Aves;Charadriiformes;Scolopacidae;Gallinago stenura
B177;176704;v1.9 rev 2126ab0;Aves;Charadriiformes;Scolopacidae;Gallinago media
B178;176700;v1.9 rev 2126ab0;Aves;Charadriiformes;Scolopacidae;Gallinago gallinago
B179;176691;v1.9 rev 2126ab0;Aves;Charadriiformes;Scolopacidae;Limosa limosa
B180;176687;v1.9 rev 2126ab0;Aves;Charadriiformes;Scolopacidae;Limosa lapponica
B181;176599;v1.9 rev 2126ab0;Aves;Charadriiformes;Scolopacidae;Numenius phaeopus
B182;176596;v1.9 rev 2126ab0;Aves;Charadriiformes;Scolopacidae;Numenius arquata
B183;176621;v1.9 rev 2126ab0;Aves;Charadriiformes;Scolopacidae;Tringa erythropus
B184;176622;v1.9 rev 2126ab0;Aves;Charadriiformes;Scolopacidae;Tringa totanus
B185;176633;v1.9 rev 2126ab0;Aves;Charadriiformes;Scolopacidae;Tringa stagnatilis
B186;176624;v1.9 rev 2126ab0;Aves;Charadriiformes;Scolopacidae;Tringa nebularia
B187;176632;v1.9 rev 2126ab0;Aves;Charadriiformes;Scolopacidae;Tringa ochropus
B188;176618;v1.9 rev 2126ab0;Aves;Charadriiformes;Scolopacidae;Tringa glareola
B189;176718;v1.9 rev 2126ab0;Aves;Charadriiformes;Scolopacidae;Xenus cinereus
B190;176613;v1.9 rev 2126ab0;Aves;Charadriiformes;Scolopacidae;Actitis hypoleucos
B191;176571;v1.9 rev 2126ab0;Aves;Charadriiformes;Scolopacidae;Arenaria interpres
B192;176642;v1.9 rev 2126ab0;Aves;Charadriiformes;Scolopacidae;Calidris canutus
B193;176669;v1.9 rev 2126ab0;Aves;Charadriiformes;Scolopacidae;Calidris alba
B194;176670;v1.9 rev 2126ab0;Aves;Charadriiformes;Scolopacidae;Calidris minuta
B195;176658;v1.9 rev 2126ab0;Aves;Charadriiformes;Scolopacidae;Calidris temminckii
B196;176653;v1.9 rev 2126ab0;Aves;Charadriiformes;Scolopacidae;Calidris melanotos
B197;176661;v1.9 rev 2126ab0;Aves;Charadriiformes;Scolopacidae;Calidris alpina
B198;176646;v1.9 rev 2126ab0;Aves;Charadriiformes;Scolopacidae;Calidris maritima
B199;176716;v1.9 rev 2126ab0;Aves;Charadriiformes;Scolopacidae;Limicola falcinellus
B200;176695;v1.9 rev 2126ab0;Aves;Charadriiformes;Scolopacidae;Philomachus pugnax
B201;176735;v1.9 rev 2126ab0;Aves;Charadriiformes;Scolopacidae;Phalaropus lobatus
B202;176734;v1.9 rev 2126ab0;Aves;Charadriiformes;Scolopacidae;Phalaropus fulicarius
B203;660059;v1.9 rev 2126ab0;Aves;Charadriiformes;Stercorariidae;Stercorarius skua
B204;176792;v1.9 rev 2126ab0;Aves;Charadriiformes;Stercorariidae;Stercorarius pomarinus
B205;176793;v1.9 rev 2126ab0;Aves;Charadriiformes;Stercorariidae;Stercorarius parasiticus
B206;176794;v1.9 rev 2126ab0;Aves;Charadriiformes;Stercorariidae;Stercorarius longicaudus
B207;176832;v1.9 rev 2126ab0;Aves;Charadriiformes;Laridae;Larus canus
B208;824066;v1.9 rev 2126ab0;Aves;Charadriiformes;Laridae;Ichthyaetus audouinii
B209;176815;v1.9 rev 2126ab0;Aves;Charadriiformes;Laridae;Larus marinus
B210;176808;v1.9 rev 2126ab0;Aves;Charadriiformes;Laridae;Larus hyperboreus
B211;176811;v1.9 rev 2126ab0;Aves;Charadriiformes;Laridae;Larus glaucoides
B212;176824;v1.9 rev 2126ab0;Aves;Charadriiformes;Laridae;Larus argentatus
B213;176821;v1.9 rev 2126ab0;Aves;Charadriiformes;Laridae;Larus fuscus
B214;554270;v1.9 rev 2126ab0;Aves;Charadriiformes;Laridae;Larus cachinnans
B215;560740;v1.9 rev 2126ab0;Aves;Charadriiformes;Laridae;Larus armenicus
B216;824068;v1.9 rev 2126ab0;Aves;Charadriiformes;Laridae;Ichthyaetus ichthyaetus
B217;824041;v1.9 rev 2126ab0;Aves;Charadriiformes;Laridae;Chtoicocephalus ridibundus
B218;824036;v1.9 rev 2126ab0;Aves;Charadriiformes;Laridae;Chroicocephalus genei
B219;824070;v1.9 rev 2126ab0;Aves;Charadriiformes;Laridae;Ichthyaetus melanocephalus
B220;824065;v1.9 rev 2126ab0;Aves;Charadriiformes;Laridae;Hydrocoloeus minutus
B221;176851;v1.9 rev 2126ab0;Aves;Charadriiformes;Laridae;Pagophila eburnea
B222;176866;v1.9 rev 2126ab0;Aves;Charadriiformes;Laridae;Xema sabini
B223;176875;v1.9 rev 2126ab0;Aves;Charadriiformes;Laridae;Rissa tridactyla
B224;176882;v1.9 rev 2126ab0;Aves;Charadriiformes;Laridae;Gelochelidon nilotica
B225;176935;v1.9 rev 2126ab0;Aves;Charadriiformes;Laridae;Hydroprogne caspia
B226;824139;v1.9 rev 2126ab0;Aves;Charadriiformes;Laridae;Thalasseus bengalensis
B227;176932;v1.9 rev 2126ab0;Aves;Charadriiformes;Laridae;Thalasseus sandvicensis
B228;176891;v1.9 rev 2126ab0;Aves;Charadriiformes;Laridae;Sterna dougallii
B229;176888;v1.9 rev 2126ab0;Aves;Charadriiformes;Laridae;Sterna hirundo
B230;176890;v1.9 rev 2126ab0;Aves;Charadriiformes;Laridae;Sterna paradisaea
B231;824126;v1.9 rev 2126ab0;Aves;Charadriiformes;Laridae;Sternula albifrons
B232;824105;v1.9 rev 2126ab0;Aves;Charadriiformes;Laridae;Onychoprion fuscatus
B233;726051;v1.9 rev 2126ab0;Aves;Charadriiformes;Laridae;Chlidonias hybrida
B234;176958;v1.9 rev 2126ab0;Aves;Charadriiformes;Laridae;Chlidonias leucopterus
B235;176959;v1.9 rev 2126ab0;Aves;Charadriiformes;Laridae;Chlidonias niger
B236;176982;v1.9 rev 2126ab0;Aves;Charadriiformes;Alcidae;Alle alle
B237;176974;v1.9 rev 2126ab0;Aves;Charadriiformes;Alcidae;Uria aalge
B238;176978;v1.9 rev 2126ab0;Aves;Charadriiformes;Alcidae;Uria lomvia
B239;176971;v1.9 rev 2126ab0;Aves;Charadriiformes;Alcidae;Alca torda
B240;176985;v1.9 rev 2126ab0;Aves;Charadriiformes;Alcidae;Cepphus grylle
B241;177025;v1.9 rev 2126ab0;Aves;Charadriiformes;Alcidae;Fratercula arctica
B242;177045;v1.9 rev 2126ab0;Aves;Columbiformes;Pteroclididae;Pterocles alchata
B243;177055;v1.9 rev 2126ab0;Aves;Columbiformes;Pteroclididae;Pterocles orientalis
B244;177071;v1.9 rev 2126ab0;Aves;Columbiformes;Columbidae;Columba livia
B245;177098;v1.9 rev 2126ab0;Aves;Columbiformes;Columbidae;Columba oenas
B246;177103;v1.9 rev 2126ab0;Aves;Columbiformes;Columbidae;Columba palumbus
B247;177113;v1.9 rev 2126ab0;Aves;Columbiformes;Columbidae;Columba trocaz
B248;177149;v1.9 rev 2126ab0;Aves;Columbiformes;Columbidae;Streptopelia turtur
B249;177139;v1.9 rev 2126ab0;Aves;Columbiformes;Columbidae;Streptopelia decaocto
B250;177147;v1.9 rev 2126ab0;Aves;Columbiformes;Columbidae;Streptopelia senegalensis
B251;554674;v1.9 rev 2126ab0;Aves;Cuculiformes;Cuculidae;Clamator glandarius
B252;177822;v1.9 rev 2126ab0;Aves;Cuculiformes;Cuculidae;Cuculus canorus
B253;177823;v1.9 rev 2126ab0;Aves;Cuculiformes;Cuculidae;Cuculus saturatus
B254;177851;v1.9 rev 2126ab0;Aves;Strigiformes;Tytonidae;Tyto alba
B255;555375;v1.9 rev 2126ab0;Aves;Strigiformes;Strigidae;Otus brucei
B256;555376;v1.9 rev 2126ab0;Aves;Strigiformes;Strigidae;Otus scops
B257;555404;v1.9 rev 2126ab0;Aves;Strigiformes;Strigidae;Bubo bubo
B258;686683;v1.9 rev 2126ab0;Aves;Strigiformes;Strigidae;Bubo scandiacus
B259;555428;v1.9 rev 2126ab0;Aves;Strigiformes;Strigidae;Strix aluco
B260;555433;v1.9 rev 2126ab0;Aves;Strigiformes;Strigidae;Strix uralensis
B261;177929;v1.9 rev 2126ab0;Aves;Strigiformes;Strigidae;Strix nebulosa
B262;177898;v1.9 rev 2126ab0;Aves;Strigiformes;Strigidae;Surnia ulula
B263;555445;v1.9 rev 2126ab0;Aves;Strigiformes;Strigidae;Glaucidium passerinum
B264;555471;v1.9 rev 2126ab0;Aves;Strigiformes;Strigidae;Athene noctua
B265;177938;v1.9 rev 2126ab0;Aves;Strigiformes;Strigidae;Aegolius funereus
B266;177932;v1.9 rev 2126ab0;Aves;Strigiformes;Strigidae;Asio otus
B267;177935;v1.9 rev 2126ab0;Aves;Strigiformes;Strigidae;Asio flammeus
B268;555568;v1.9 rev 2126ab0;Aves;Caprimulgiformes;Caprimulgidae;Caprimulgus ruficollis
B269;555569;v1.9 rev 2126ab0;Aves;Caprimulgiformes;Caprimulgidae;Caprimulgus europaeus
B270;555003;v1.9 rev 2126ab0;Aves;Apodiformes;Apodidae;Apus melba
B271;178010;v1.9 rev 2126ab0;Aves;Apodiformes;Apodidae;Apus apus
B272;555006;v1.9 rev 2126ab0;Aves;Apodiformes;Apodidae;Apus unicolor
B273;555008;v1.9 rev 2126ab0;Aves;Apodiformes;Apodidae;Apus pallidus
B274;555014;v1.9 rev 2126ab0;Aves;Apodiformes;Apodidae;Apus affinis
B275;555018;v1.9 rev 2126ab0;Aves;Apodiformes;Apodidae;Apus caffer
B276;554549;v1.9 rev 2126ab0;Aves;Coraciiformes;Alcedinidae;Alcedo atthis
B277;554585;v1.9 rev 2126ab0;Aves;Coraciiformes;Alcedinidae;Halcyon smyrnensis
B278;554636;v1.9 rev 2126ab0;Aves;Coraciiformes;Alcedinidae;Ceryle rudis
B279;554658;v1.9 rev 2126ab0;Aves;Coraciiformes;Meropidae;Merops superciliosus
B280;554661;v1.9 rev 2126ab0;Aves;Coraciiformes;Meropidae;Merops apiaster
B281;554518;v1.9 rev 2126ab0;Aves;Coraciiformes;Coraciidae;Coracias garrulus
B282;178117;v1.9 rev 2126ab0;Aves;Coraciiformes;Upupidae;Upupa epops
B283;178150;v1.9 rev 2126ab0;Aves;Piciformes;Picidae;Jynx torquilla
B284;554037;v1.9 rev 2126ab0;Aves;Piciformes;Picidae;Dendrocopos minor
B285;554046;v1.9 rev 2126ab0;Aves;Piciformes;Picidae;Dendrocopos medius
B287;554048;v1.9 rev 2126ab0;Aves;Piciformes;Picidae;Dendrocopos major
B288;554049;v1.9 rev 2126ab0;Aves;Piciformes;Picidae;Dendrocopos syriacus
B289;178251;v1.9 rev 2126ab0;Aves;Piciformes;Picidae;Picoides tridactylus
B290;554101;v1.9 rev 2126ab0;Aves;Piciformes;Picidae;Dryocopus martius
B291;554121;v1.9 rev 2126ab0;Aves;Piciformes;Picidae;Picus viridis
B292;554125;v1.9 rev 2126ab0;Aves;Piciformes;Picidae;Picus canus
B293;558553;v1.9 rev 2126ab0;Aves;Passeriformes;Alaudidae;Ammomanes deserti
B294;561038;v1.9 rev 2126ab0;Aves;Passeriformes;Alaudidae;Melanocorypha calandra
B295;561037;v1.9 rev 2126ab0;Aves;Passeriformes;Alaudidae;Melanocorypha bimaculata
B296;561039;v1.9 rev 2126ab0;Aves;Passeriformes;Alaudidae;Melanocorypha leucoptera
B297;558980;v1.9 rev 2126ab0;Aves;Passeriformes;Alaudidae;Calandrella brachydactyla
B298;558985;v1.9 rev 2126ab0;Aves;Passeriformes;Alaudidae;Calandrella rufescens
B299;558981;v1.9 rev 2126ab0;Aves;Passeriformes;Alaudidae;Calandrella cheleensis
B300;559186;v1.9 rev 2126ab0;Aves;Passeriformes;Alaudidae;Chersophilus duponti
B301;560129;v1.9 rev 2126ab0;Aves;Passeriformes;Alaudidae;Galerida cristata
B302;560894;v1.9 rev 2126ab0;Aves;Passeriformes;Alaudidae;Lullula arborea
B303;178398;v1.9 rev 2126ab0;Aves;Passeriformes;Alaudidae;Alauda arvensis
B304;554256;v1.9 rev 2126ab0;Aves;Passeriformes;Alaudidae;Eremophila alpestris
B305;178436;v1.9 rev 2126ab0;Aves;Passeriformes;Hirundinidae;Riparia riparia
B306;916667;v1.9 rev 2126ab0;Aves;Passeriformes;Hirundinidae;Ptyonoprogne rupestris
B307;178448;v1.9 rev 2126ab0;Aves;Passeriformes;Hirundinidae;Hirundo rustica
B308;916675;v1.9 rev 2126ab0;Aves;Passeriformes;Hirundinidae;Cecropis daurica
B309;726115;v1.9 rev 2126ab0;Aves;Passeriformes;Hirundinidae;Delichon urbicum
B310;178476;v1.9 rev 2126ab0;Aves;Passeriformes;Motacillidae;Motacilla alba
B311;554345;v1.9 rev 2126ab0;Aves;Passeriformes;Motacillidae;Motacilla citreola
B312;178483;v1.9 rev 2126ab0;Aves;Passeriformes;Motacillidae;Motacilla flava
B313;178480;v1.9 rev 2126ab0;Aves;Passeriformes;Motacillidae;Motacilla cinerea
B314;558640;v1.9 rev 2126ab0;Aves;Passeriformes;Motacillidae;Anthus campestris
B315;558635;v1.9 rev 2126ab0;Aves;Passeriformes;Motacillidae;Anthus berthelotii
B316;178500;v1.9 rev 2126ab0;Aves;Passeriformes;Motacillidae;Anthus trivialis
B317;178495;v1.9 rev 2126ab0;Aves;Passeriformes;Motacillidae;Anthus hodgsoni
B318;178497;v1.9 rev 2126ab0;Aves;Passeriformes;Motacillidae;Anthus pratensis
B319;178498;v1.9 rev 2126ab0;Aves;Passeriformes;Motacillidae;Anthus cervinus
B320;558662;v1.9 rev 2126ab0;Aves;Passeriformes;Motacillidae;Anthus petrosus
B321;178489;v1.9 rev 2126ab0;Aves;Passeriformes;Motacillidae;Anthus spinoletta
B322;562635;v1.9 rev 2126ab0;Aves;Passeriformes;Pycnonotidae;Pycnonotus xanthopygos
B323;562698;v1.9 rev 2126ab0;Aves;Passeriformes;Reguliidae;Regulus regulus
B324;916249;v1.9 rev 2126ab0;Aves;Passeriformes;Reguliidae;Regulus ignicapilla
B325;178529;v1.9 rev 2126ab0;Aves;Passeriformes;Bombycillidae;Bombycilla garrulus
B326;559287;v1.9 rev 2126ab0;Aves;Passeriformes;Cinclidae;Cinclus cinclus
B327;178547;v1.9 rev 2126ab0;Aves;Passeriformes;Troglodytidae;Troglodytes troglodytes
B328;562483;v1.9 rev 2126ab0;Aves;Passeriformes;Prunellidae;Prunella collaris
B329;178660;v1.9 rev 2126ab0;Aves;Passeriformes;Prunellidae;Prunella montanella
B330;562490;v1.9 rev 2126ab0;Aves;Passeriformes;Prunellidae;Prunella ocularis
B331;562482;v1.9 rev 2126ab0;Aves;Passeriformes;Prunellidae;Prunella atrogularis
B332;562489;v1.9 rev 2126ab0;Aves;Passeriformes;Prunellidae;Prunella modularis
B333;561216;v1.9 rev 2126ab0;Aves;Passeriformes;Muscicapidae;Monticola saxatilis
B334;179834;v1.9 rev 2126ab0;Aves;Passeriformes;Muscicapidae;Monticola solitarius
B335;563785;v1.9 rev 2126ab0;Aves;Passeriformes;Turdidae;Zoothera dauma
B336;563617;v1.9 rev 2126ab0;Aves;Passeriformes;Turdidae;Turdus torquatus
B337;179757;v1.9 rev 2126ab0;Aves;Passeriformes;Turdidae;Turdus merula
B338;563610;v1.9 rev 2126ab0;Aves;Passeriformes;Turdidae;Turdus ruficollis
B339;179766;v1.9 rev 2126ab0;Aves;Passeriformes;Turdidae;Turdus pilaris
B340;179769;v1.9 rev 2126ab0;Aves;Passeriformes;Turdidae;Turdus iliacus
B341;563604;v1.9 rev 2126ab0;Aves;Passeriformes;Turdidae;Turdus philomelos
B342;563619;v1.9 rev 2126ab0;Aves;Passeriformes;Turdidae;Turdus viscivorus
B343;559335;v1.9 rev 2126ab0;Aves;Passeriformes;Cisticolidae;Cisticola juncidis
B344;562441;v1.9 rev 2126ab0;Aves;Passeriformes;Cisticolidae;Prinia gracilis
B345;559157;v1.9 rev 2126ab0;Aves;Passeriformes;Sylviidae;Cettia cetti
B346;179851;v1.9 rev 2126ab0;Aves;Passeriformes;Sylviidae;Locustella lanceolata
B347;560839;v1.9 rev 2126ab0;Aves;Passeriformes;Sylviidae;Locustella naevia
B348;560837;v1.9 rev 2126ab0;Aves;Passeriformes;Sylviidae;Locustella fluviatilis
B349;560838;v1.9 rev 2126ab0;Aves;Passeriformes;Sylviidae;Locustella luscinioides
B350;558420;v1.9 rev 2126ab0;Aves;Passeriformes;Sylviidae;Acrocephalus melanopogon
B351;558423;v1.9 rev 2126ab0;Aves;Passeriformes;Sylviidae;Acrocephalus paludicola
B352;558428;v1.9 rev 2126ab0;Aves;Passeriformes;Sylviidae;Acrocephalus schoenobaenus
B353;558407;v1.9 rev 2126ab0;Aves;Passeriformes;Sylviidae;Acrocephalus agricola
B354;558429;v1.9 rev 2126ab0;Aves;Passeriformes;Sylviidae;Acrocephalus scirpaceus
B355;558416;v1.9 rev 2126ab0;Aves;Passeriformes;Sylviidae;Acrocephalus dumetorum
B356;558424;v1.9 rev 2126ab0;Aves;Passeriformes;Sylviidae;Acrocephalus palustris
B357;558408;v1.9 rev 2126ab0;Aves;Passeriformes;Sylviidae;Acrocephalus arundinaceus
B358;916788;v1.9 rev 2126ab0;Aves;Passeriformes;Sylviidae;Iduna caligata
B359;916790;v1.9 rev 2126ab0;Aves;Passeriformes;Sylviidae;Iduna pallida
B360;560448;v1.9 rev 2126ab0;Aves;Passeriformes;Sylviidae;Hippolais languida
B361;560449;v1.9 rev 2126ab0;Aves;Passeriformes;Sylviidae;Hippolais olivetorum
B362;560451;v1.9 rev 2126ab0;Aves;Passeriformes;Sylviidae;Hippolais polyglotta
B363;560447;v1.9 rev 2126ab0;Aves;Passeriformes;Sylviidae;Hippolais icterina
B364;179841;v1.9 rev 2126ab0;Aves;Passeriformes;Sylviidae;Phylloscopus trochilus
B365;562129;v1.9 rev 2126ab0;Aves;Passeriformes;Sylviidae;Phylloscopus collybita
B366;925126;v1.9 rev 2126ab0;Aves;Passeriformes;Sylviidae;Phylloscopus sindianus lorenzii
B367;562123;v1.9 rev 2126ab0;Aves;Passeriformes;Sylviidae;Phylloscopus bonelli
B368;916708;v1.9 rev 2126ab0;Aves;Passeriformes;Sylviidae;Phylloscopus sibillatrix
B369;562136;v1.9 rev 2126ab0;Aves;Passeriformes;Sylviidae;Phylloscopus inornatus
B370;179843;v1.9 rev 2126ab0;Aves;Passeriformes;Sylviidae;Phylloscopus borealis
B371;562159;v1.9 rev 2126ab0;Aves;Passeriformes;Sylviidae;Phylloscopus trochiloides
B372;563183;v1.9 rev 2126ab0;Aves;Passeriformes;Sylviidae;Sylvia atricapilla
B373;563185;v1.9 rev 2126ab0;Aves;Passeriformes;Sylviidae;Sylvia borin
B374;563188;v1.9 rev 2126ab0;Aves;Passeriformes;Sylviidae;Sylvia communis
B375;563190;v1.9 rev 2126ab0;Aves;Passeriformes;Sylviidae;Sylvia curruca
B376;563201;v1.9 rev 2126ab0;Aves;Passeriformes;Sylviidae;Sylvia nisoria
B377;563192;v1.9 rev 2126ab0;Aves;Passeriformes;Sylviidae;Sylvia hortensis
B378;915909;v1.9 rev 2126ab0;Aves;Passeriformes;Sylviidae;Sylvia ruppeli
B379;563187;v1.9 rev 2126ab0;Aves;Passeriformes;Sylviidae;Sylvia cantillans
B380;563196;v1.9 rev 2126ab0;Aves;Passeriformes;Sylviidae;Sylvia melanocephala
B381;563197;v1.9 rev 2126ab0;Aves;Passeriformes;Sylviidae;Sylvia melanothorax
B382;563199;v1.9 rev 2126ab0;Aves;Passeriformes;Sylviidae;Sylvia mystacea
B383;563189;v1.9 rev 2126ab0;Aves;Passeriformes;Sylviidae;Sylvia conspicillata
B384;563205;v1.9 rev 2126ab0;Aves;Passeriformes;Sylviidae;Sylvia undata
B385;563203;v1.9 rev 2126ab0;Aves;Passeriformes;Sylviidae;Sylvia sarda
B386;561250;v1.9 rev 2126ab0;Aves;Passeriformes;Muscicapidae;Muscicapa striata
B387;560081;v1.9 rev 2126ab0;Aves;Passeriformes;Muscicapidae;Ficedula hypoleuca
B388;560071;v1.9 rev 2126ab0;Aves;Passeriformes;Muscicapidae;Ficedula albicollis
B389;560087;v1.9 rev 2126ab0;Aves;Passeriformes;Muscicapidae;Ficedula semitorquata
B390;178675;v1.9 rev 2126ab0;Aves;Passeriformes;Muscicapidae;Ficedula parva
B391;559964;v1.9 rev 2126ab0;Aves;Passeriformes;Muscicapidae;Erithacus rubecula
B392;560896;v1.9 rev 2126ab0;Aves;Passeriformes;Muscicapidae;Luscinia luscinia
B393;560897;v1.9 rev 2126ab0;Aves;Passeriformes;Muscicapidae;Luscinia megarhynchos
B394;179820;v1.9 rev 2126ab0;Aves;Passeriformes;Muscicapidae;Luscinia calliope
B395;179818;v1.9 rev 2126ab0;Aves;Passeriformes;Muscicapidae;Luscinia svecica
B396;179838;v1.9 rev 2126ab0;Aves;Passeriformes;Muscicapidae;Tarsiger cyanurus
B397;560607;v1.9 rev 2126ab0;Aves;Passeriformes;Muscicapidae;Irania gutturalis
B398;916328;v1.9 rev 2126ab0;Aves;Passeriformes;Muscicapidae;Erythropygia galactotes
B399;562036;v1.9 rev 2126ab0;Aves;Passeriformes;Muscicapidae;Phoenicurus ochruros
B400;562037;v1.9 rev 2126ab0;Aves;Passeriformes;Muscicapidae;Phoenicurus phoenicurus
B401;562837;v1.9 rev 2126ab0;Aves;Passeriformes;Muscicapidae;Saxicola rubetra
B402;726114;v1.9 rev 2126ab0;Aves;Passeriformes;Muscicapidae;Saxicola torquatus
B403;561653;v1.9 rev 2126ab0;Aves;Passeriformes;Muscicapidae;Oenanthe leucura
B404;179814;v1.9 rev 2126ab0;Aves;Passeriformes;Muscicapidae;Oenanthe oenanthe
B405;561648;v1.9 rev 2126ab0;Aves;Passeriformes;Muscicapidae;Oenanthe finschii
B406;561663;v1.9 rev 2126ab0;Aves;Passeriformes;Muscicapidae;Oenanthe pleschanka
B407;561650;v1.9 rev 2126ab0;Aves;Passeriformes;Muscicapidae;Oenanthe hispanica
B408;916352;v1.9 rev 2126ab0;Aves;Passeriformes;Muscicapidae;Oenanthe chrysopygia
B409;561647;v1.9 rev 2126ab0;Aves;Passeriformes;Muscicapidae;Oenanthe deserti
B410;561646;v1.9 rev 2126ab0;Aves;Passeriformes;Muscicapidae;Oenanthe cypriaca
B411;561651;v1.9 rev 2126ab0;Aves;Passeriformes;Muscicapidae;Oenanthe isabellina
B412;561803;v1.9 rev 2126ab0;Aves;Passeriformes;Timaliidae;Panurus biarmicus
B413;558441;v1.9 rev 2126ab0;Aves;Passeriformes;Aegithalidae;Aegithalos caudatus
B414;562352;v1.9 rev 2126ab0;Aves;Passeriformes;Paridae;Poecile lugubris
B415;562354;v1.9 rev 2126ab0;Aves;Passeriformes;Paridae;Poecile palustris
B416;562353;v1.9 rev 2126ab0;Aves;Passeriformes;Paridae;Poecile montanus
B417;554384;v1.9 rev 2126ab0;Aves;Passeriformes;Paridae;Poecile cinctus
B418;561927;v1.9 rev 2126ab0;Aves;Passeriformes;Paridae;Periparus ater
B419;560873;v1.9 rev 2126ab0;Aves;Passeriformes;Paridae;Lophophanes cristatus
B420;561864;v1.9 rev 2126ab0;Aves;Passeriformes;Paridae;Parus major
B421;559612;v1.9 rev 2126ab0;Aves;Passeriformes;Paridae;Cyanistes caeruleus
B422;559613;v1.9 rev 2126ab0;Aves;Passeriformes;Paridae;Cyanistes cyanus
B423;563018;v1.9 rev 2126ab0;Aves;Passeriformes;Sittidae;Sitta europaea
B424;563033;v1.9 rev 2126ab0;Aves;Passeriformes;Sittidae;Sitta whiteheadi
B425;563022;v1.9 rev 2126ab0;Aves;Passeriformes;Sittidae;Sitta krueperi
B426;563027;v1.9 rev 2126ab0;Aves;Passeriformes;Sittidae;Sitta neumayer
B427;563030;v1.9 rev 2126ab0;Aves;Passeriformes;Sittidae;Sitta tephronota
B428;563471;v1.9 rev 2126ab0;Aves;Passeriformes;Sittidae;Tichodroma muraria
B429;178795;v1.9 rev 2126ab0;Aves;Passeriformes;Certhiidae;Certhia familiaris
B430;559138;v1.9 rev 2126ab0;Aves;Passeriformes;Certhiidae;Certhia brachydactyla
B431;562702;v1.9 rev 2126ab0;Aves;Passeriformes;Remizidae;Remiz pendulinus
B432;561707;v1.9 rev 2126ab0;Aves;Passeriformes;Oriolidae;Oriolus oriolus
B433;560720;v1.9 rev 2126ab0;Aves;Passeriformes;Laniidae;Lanius collurio
B434;178511;v1.9 rev 2126ab0;Aves;Passeriformes;Laniidae;Lanius excubitor
B435;916255;v1.9 rev 2126ab0;Aves;Passeriformes;Laniidae;Lanius meridionalis
B436;560728;v1.9 rev 2126ab0;Aves;Passeriformes;Laniidae;Lanius minor
B437;560730;v1.9 rev 2126ab0;Aves;Passeriformes;Laniidae;Lanius nubicus
B438;560732;v1.9 rev 2126ab0;Aves;Passeriformes;Laniidae;Lanius senator
B439;561934;v1.9 rev 2126ab0;Aves;Passeriformes;Corvidae;Perisoreus infaustus
B440;560214;v1.9 rev 2126ab0;Aves;Passeriformes;Corvidae;Garrulus glandarius
B441;916623;v1.9 rev 2126ab0;Aves;Passeriformes;Corvidae;Cyanopica cyanus
B442;179720;v1.9 rev 2126ab0;Aves;Passeriformes;Corvidae;Pica pica
B443;561630;v1.9 rev 2126ab0;Aves;Passeriformes;Corvidae;Nucifraga caryocatactes
B444;562653;v1.9 rev 2126ab0;Aves;Passeriformes;Corvidae;Pyrrhocorax pyrrhocorax
B445;562652;v1.9 rev 2126ab0;Aves;Passeriformes;Corvidae;Pyrrhocorax graculus
B446;916629;v1.9 rev 2126ab0;Aves;Passeriformes;Corvidae;Coloeus monedula
B447;179738;v1.9 rev 2126ab0;Aves;Passeriformes;Corvidae;Corvus frugilegus
B448;559494;v1.9 rev 2126ab0;Aves;Passeriformes;Corvidae;Corvus corone
B449;179725;v1.9 rev 2126ab0;Aves;Passeriformes;Corvidae;Corvus corax
B450;915888;v1.9 rev 2126ab0;Aves;Passeriformes;Sturnidae;Pastor roseus
B451;179637;v1.9 rev 2126ab0;Aves;Passeriformes;Sturnidae;Sturnus vulgaris
B452;563175;v1.9 rev 2126ab0;Aves;Passeriformes;Sturnidae;Sturnus unicolor
B453;179537;v1.9 rev 2126ab0;Aves;Passeriformes;Emberizidae;Emberiza citrinella
B454;554226;v1.9 rev 2126ab0;Aves;Passeriformes;Emberizidae;Emberiza leucocephalos
B455;559878;v1.9 rev 2126ab0;Aves;Passeriformes;Emberizidae;Emberiza cirlus
B456;559875;v1.9 rev 2126ab0;Aves;Passeriformes;Emberizidae;Emberiza cia
B457;559870;v1.9 rev 2126ab0;Aves;Passeriformes;Emberizidae;Emberiza buchanani
B458;559876;v1.9 rev 2126ab0;Aves;Passeriformes;Emberizidae;Emberiza cineracea
B459;559883;v1.9 rev 2126ab0;Aves;Passeriformes;Emberizidae;Emberiza hortulana
B460;559872;v1.9 rev 2126ab0;Aves;Passeriformes;Emberizidae;Emberiza caesia
B461;179542;v1.9 rev 2126ab0;Aves;Passeriformes;Emberizidae;Emberiza pusilla
B462;179538;v1.9 rev 2126ab0;Aves;Passeriformes;Emberizidae;Emberiza rustica
B463;554225;v1.9 rev 2126ab0;Aves;Passeriformes;Emberizidae;Emberiza aureola
B464;554227;v1.9 rev 2126ab0;Aves;Passeriformes;Emberizidae;Emberiza melanocephala
B465;559869;v1.9 rev 2126ab0;Aves;Passeriformes;Emberizidae;Emberiza bruniceps
B466;179541;v1.9 rev 2126ab0;Aves;Passeriformes;Emberizidae;Emberiza pallasi
B467;179543;v1.9 rev 2126ab0;Aves;Passeriformes;Emberizidae;Emberiza schoeniclus
B468;729218;v1.9 rev 2126ab0;Aves;Passeriformes;Emberizidae;Emberiza calandra
B469;179526;v1.9 rev 2126ab0;Aves;Passeriformes;Emberizidae;Calcarius lapponicus
B470;179532;v1.9 rev 2126ab0;Aves;Passeriformes;Emberizidae;Plectrophenax nivalis
B471;179168;v1.9 rev 2126ab0;Aves;Passeriformes;Fringillidae;Fringilla coelebs
B472;179167;v1.9 rev 2126ab0;Aves;Passeriformes;Fringillidae;Fringilla montifringilla
B473;179205;v1.9 rev 2126ab0;Aves;Passeriformes;Fringillidae;Pinicola enucleator
B474;179199;v1.9 rev 2126ab0;Aves;Passeriformes;Fringillidae;Carpodacus erythrinus
B475;559071;v1.9 rev 2126ab0;Aves;Passeriformes;Fringillidae;Carpodacus rubicilla
B476;560889;v1.9 rev 2126ab0;Aves;Passeriformes;Fringillidae;Loxia pytyopsittacus
B477;560890;v1.9 rev 2126ab0;Aves;Passeriformes;Fringillidae;Loxia scotica
B478;179259;v1.9 rev 2126ab0;Aves;Passeriformes;Fringillidae;Loxia curvirostra
B479;179268;v1.9 rev 2126ab0;Aves;Passeriformes;Fringillidae;Loxia leucoptera
B480;997806;v1.9 rev 2126ab0;Aves;Passeriformes;Fringillidae;Chloris chloris
B481;179241;v1.9 rev 2126ab0;Aves;Passeriformes;Fringillidae;Acanthis flammea
B482;179238;v1.9 rev 2126ab0;Aves;Passeriformes;Fringillidae;Acanthis hornemanni
B483;997858;v1.9 rev 2126ab0;Aves;Passeriformes;Fringillidae;Spinus spinus
B484;179226;v1.9 rev 2126ab0;Aves;Passeriformes;Fringillidae;Carduelis carduelis
B485;997850;v1.9 rev 2126ab0;Aves;Passeriformes;Fringillidae;Linaria flavirostris
B486;997851;v1.9 rev 2126ab0;Aves;Passeriformes;Fringillidae;Linaria cannabina
B487;562961;v1.9 rev 2126ab0;Aves;Passeriformes;Fringillidae;Serinus pusillus
B488;562967;v1.9 rev 2126ab0;Aves;Passeriformes;Fringillidae;Serinus serinus
B489;179558;v1.9 rev 2126ab0;Aves;Passeriformes;Fringillidae;Serinus canaria
B490;729200;v1.9 rev 2126ab0;Aves;Passeriformes;Fringillidae;Carduelis citrinella
B491;179180;v1.9 rev 2126ab0;Aves;Passeriformes;Fringillidae;Pyrrhula pyrrhula
B492;997779;v1.9 rev 2126ab0;Aves;Passeriformes;Fringillidae;Pyrrhula murina
B493;179170;v1.9 rev 2126ab0;Aves;Passeriformes;Fringillidae;Coccothraustes coccothraustes
B494;729201;v1.9 rev 2126ab0;Aves;Passeriformes;Fringillidae;Rhodopechys sanguineus
B495;729202;v1.9 rev 2126ab0;Aves;Passeriformes;Fringillidae;Bucanetes githagineus
B496;997781;v1.9 rev 2126ab0;Aves;Passeriformes;Fringillidae;Bucanetes mongolicus
B497;729203;v1.9 rev 2126ab0;Aves;Passeriformes;Fringillidae;Rhodospiza obsoleta
B498;916930;v1.9 rev 2126ab0;Aves;Passeriformes;Passeridae;Passer italiae
B499;179628;v1.9 rev 2126ab0;Aves;Passeriformes;Passeridae;Passer domesticus
B500;561880;v1.9 rev 2126ab0;Aves;Passeriformes;Passeridae;Passer hispaniolensis
B501;561885;v1.9 rev 2126ab0;Aves;Passeriformes;Passeridae;Passer moabiticus
B502;179630;v1.9 rev 2126ab0;Aves;Passeriformes;Passeridae;Passer montanus
B503;916525;v1.9 rev 2126ab0;Aves;Passeriformes;Passeridae;Gymnoris xanthocollis
B504;561948;v1.9 rev 2126ab0;Aves;Passeriformes;Passeridae;Petronia petronia
B505;559082;v1.9 rev 2126ab0;Aves;Passeriformes;Passeridae;Carpospiza brachydactyla
B506;561220;v1.9 rev 2126ab0;Aves;Passeriformes;Passeridae;Montifringilla nivalis
B507;560134;v1.9 rev 2126ab0;Aves;Passeriformes;Alaudidae;Galerida theklae
B508;177077;v1.9 rev 2126ab0;Aves;Columbiformes;Columbidae;Columba bollii
B509;177091;v1.9 rev 2126ab0;Aves;Columbiformes;Columbidae;Columba junoniae
B510;560121;v1.9 rev 2126ab0;Aves;Passeriformes;Fringillidae;Fringilla teydea
B513;562830;v1.9 rev 2126ab0;Aves;Passeriformes;Muscicapidae;Saxicola dacotiae
B514;176488;v1.9 rev 2126ab0;Aves;Charadriiformes;Charadriidae;Vanellus gregarius
B515;176432;v1.9 rev 2126ab0;Aves;Gruiformes;Otididae;Chlamydotis undulata
B516;176765;v1.9 rev 2126ab0;Aves;Charadriiformes;Glareolidae;Cursorius cursor
M1;585100;v1.9 rev 2126ab0;Mammalia;Rodentia;Muridae;Acomys cilicicus
M2;585105;v1.9 rev 2126ab0;Mammalia;Rodentia;Muridae;Acomys minous
M3;585107;v1.9 rev 2126ab0;Mammalia;Rodentia;Muridae;Acomys nesiotes
M4;180703;v1.9 rev 2126ab0;Mammalia;Cetartiodactyla;Cervidae;Alces alces
M5;609735;v1.9 rev 2126ab0;Mammalia;Rodentia;Dipodidae;Allactaga elater
M6;609736;v1.9 rev 2126ab0;Mammalia;Rodentia;Dipodidae;Allactaga euphratica
M7;609739;v1.9 rev 2126ab0;Mammalia;Rodentia;Dipodidae;Allactaga major
M8;609741;v1.9 rev 2126ab0;Mammalia;Rodentia;Dipodidae;Allactaga sibirica
M9;952076;v1.9 rev 2126ab0;Mammalia;Rodentia;Dipodidae;Allactaga williamsi
M10;632726;v1.9 rev 2126ab0;Mammalia;Rodentia;Cricetidae;Allocricetulus eversmanni
M11;622025;v1.9 rev 2126ab0;Mammalia;Carnivora;Canidae;Alopex lagopus
M12;585125;v1.9 rev 2126ab0;Mammalia;Rodentia;Muridae;Apodemus agrarius
M13;585126;v1.9 rev 2126ab0;Mammalia;Rodentia;Muridae;Apodemus alpicola
M14;970802;v1.9 rev 2126ab0;Mammalia;Rodentia;Muridae;Apodemus epimelas
M15;585132;v1.9 rev 2126ab0;Mammalia;Rodentia;Muridae;Apodemus flavicollis
M16;585135;v1.9 rev 2126ab0;Mammalia;Rodentia;Muridae;Apodemus hyrcanicus
M17;585137;v1.9 rev 2126ab0;Mammalia;Rodentia;Muridae;Apodemus mystacinus
M18;585139;v1.9 rev 2126ab0;Mammalia;Rodentia;Muridae;Apodemus ponticus
M19;585143;v1.9 rev 2126ab0;Mammalia;Rodentia;Muridae;Apodemus sylvaticus
M20;585145;v1.9 rev 2126ab0;Mammalia;Rodentia;Muridae;Apodemus uralensis
M21;970804;v1.9 rev 2126ab0;Mammalia;Rodentia;Muridae;Apodemus witherbyi
M22;970588;v1.9 rev 2126ab0;Mammalia;Rodentia;Cricetidae;Arvicola amphibius
M23;632818;v1.9 rev 2126ab0;Mammalia;Rodentia;Cricetidae;Arvicola sapidus
M24;970589;v1.9 rev 2126ab0;Mammalia;Rodentia;Cricetidae;Arvicola scherman
M25;633535;v1.9 rev 2126ab0;Mammalia;Eulipotyphla;Erinaceidae;Atelerix algirus
M26;631926;v1.9 rev 2126ab0;Mammalia;Chiroptera;Vespertilionidae;Barbastella barbastellus
M27;631927;v1.9 rev 2126ab0;Mammalia;Chiroptera;Vespertilionidae;Barbastella leucomelas
M28;183836;v1.9 rev 2126ab0;Mammalia;Cetartiodactyla;Bovidae;Bison bonasus
M29;632755;v1.9 rev 2126ab0;Mammalia;Rodentia;Calomyscidae;Calomyscus urartensis
M30;183817;v1.9 rev 2126ab0;Mammalia;Carnivora;Canidae;Canis aureus
M31;180596;v1.9 rev 2126ab0;Mammalia;Carnivora;Canidae;Canis lupus
M32;898774;v1.9 rev 2126ab0;Mammalia;Cetartiodactyla;Bovidae;Capra hircus aegagrus
M33;625136;v1.9 rev 2126ab0;Mammalia;Cetartiodactyla;Bovidae;Capra caucasica
M34;898768;v1.9 rev 2126ab0;Mammalia;Cetartiodactyla;Bovidae;Capra caucasica cylindricornis
M36;625139;v1.9 rev 2126ab0;Mammalia;Cetartiodactyla;Bovidae;Capra ibex
M37;625141;v1.9 rev 2126ab0;Mammalia;Cetartiodactyla;Bovidae;Capra pyrenaica
M38;625063;v1.9 rev 2126ab0;Mammalia;Cetartiodactyla;Cervidae;Capreolus capreolus
M39;625064;v1.9 rev 2126ab0;Mammalia;Cetartiodactyla;Cervidae;Capreolus pygargus
M40;573165;v1.9 rev 2126ab0;Mammalia;Rodentia;Castoridae;Castor fiber
M41;180695;v1.9 rev 2126ab0;Mammalia;Cetartiodactyla;Cervidae;Cervus elaphus
M42;632822;v1.9 rev 2126ab0;Mammalia;Rodentia;Cricetidae;Chionomys gud
M43;632823;v1.9 rev 2126ab0;Mammalia;Rodentia;Cricetidae;Chionomys nivalis
M44;632824;v1.9 rev 2126ab0;Mammalia;Rodentia;Cricetidae;Chionomys roberti
M45;632732;v1.9 rev 2126ab0;Mammalia;Rodentia;Cricetidae;Cricetulus migratorius
M46;632734;v1.9 rev 2126ab0;Mammalia;Rodentia;Cricetidae;Cricetus cricetus
M47;709747;v1.9 rev 2126ab0;Mammalia;Eulipotyphla;Soricidae;Crocidura arispa
M48;633558;v1.9 rev 2126ab0;Mammalia;Eulipotyphla;Soricidae;Crocidura armenica
M49;633569;v1.9 rev 2126ab0;Mammalia;Eulipotyphla;Soricidae;Crocidura canariensis
M50;709750;v1.9 rev 2126ab0;Mammalia;Eulipotyphla;Soricidae;Crocidura caspica
M52;633616;v1.9 rev 2126ab0;Mammalia;Eulipotyphla;Soricidae;Crocidura leucodon
M53;709755;v1.9 rev 2126ab0;Mammalia;Eulipotyphla;Soricidae;Crocidura ichnusae
M54;633672;v1.9 rev 2126ab0;Mammalia;Eulipotyphla;Soricidae;Crocidura russula
M55;633674;v1.9 rev 2126ab0;Mammalia;Eulipotyphla;Soricidae;Crocidura serezkyensis
M56;633676;v1.9 rev 2126ab0;Mammalia;Eulipotyphla;Soricidae;Crocidura sicula
M57;633681;v1.9 rev 2126ab0;Mammalia;Eulipotyphla;Soricidae;Crocidura suaveolens
M58;633703;v1.9 rev 2126ab0;Mammalia;Eulipotyphla;Soricidae;Crocidura zimmermanni
M59;552472;v1.9 rev 2126ab0;Mammalia;Cetartiodactyla;Cervidae;Dama dama
M60;633829;v1.9 rev 2126ab0;Mammalia;Eulipotyphla;Talpidae;Desmana moschata
M61;180326;v1.9 rev 2126ab0;Mammalia;Rodentia;Cricetidae;Dicrostonyx torquatus
M62;632830;v1.9 rev 2126ab0;Mammalia;Rodentia;Cricetidae;Dinaromys bogdanovi
M63;633704;v1.9 rev 2126ab0;Mammalia;Eulipotyphla;Soricidae;Diplomesodon pulchellum
M64;609755;v1.9 rev 2126ab0;Mammalia;Rodentia;Dipodidae;Dipus sagitta
M65;584966;v1.9 rev 2126ab0;Mammalia;Rodentia;Gliridae;Dryomys laniger
M66;584967;v1.9 rev 2126ab0;Mammalia;Rodentia;Gliridae;Dryomys nitedula
M67;584969;v1.9 rev 2126ab0;Mammalia;Rodentia;Gliridae;Eliomys melanurus
M68;584970;v1.9 rev 2126ab0;Mammalia;Rodentia;Gliridae;Eliomys quercinus
M69;632833;v1.9 rev 2126ab0;Mammalia;Rodentia;Cricetidae;Ellobius lutescens
M70;632834;v1.9 rev 2126ab0;Mammalia;Rodentia;Cricetidae;Ellobius talpinus
M71;948891;v1.9 rev 2126ab0;Mammalia;Chiroptera;Vespertilionidae;Eptesicus gobiensis bobrinskoi
M72;631945;v1.9 rev 2126ab0;Mammalia;Chiroptera;Vespertilionidae;Eptesicus bottae
M73;946126;v1.9 rev 2126ab0;Mammalia;Chiroptera;Vespertilionidae;Eptesicus nilssonii
M74;631969;v1.9 rev 2126ab0;Mammalia;Chiroptera;Vespertilionidae;Eptesicus serotinus
M75;633539;v1.9 rev 2126ab0;Mammalia;Eulipotyphla;Erinaceidae;Erinaceus concolor
M76;633540;v1.9 rev 2126ab0;Mammalia;Eulipotyphla;Erinaceidae;Erinaceus europaeus
M77;709723;v1.9 rev 2126ab0;Mammalia;Eulipotyphla;Erinaceidae;Erinaceus roumanicus
M78;183802;v1.9 rev 2126ab0;Mammalia;Carnivora;Felidae;Felis chaus
M79;183801;v1.9 rev 2126ab0;Mammalia;Carnivora;Felidae;Felis margarita
M80;180589;v1.9 rev 2126ab0;Mammalia;Carnivora;Felidae;Felis silvestris
M81;633830;v1.9 rev 2126ab0;Mammalia;Eulipotyphla;Talpidae;Galemys pyrenaicus
M82;625101;v1.9 rev 2126ab0;Mammalia;Cetartiodactyla;Bovidae;Gazella subgutturosa
M83;621991;v1.9 rev 2126ab0;Mammalia;Carnivora;Viverridae;Genetta genetta
M84;970775;v1.9 rev 2126ab0;Mammalia;Rodentia;Muridae;Dipodillus dasyurus
M85;951305;v1.9 rev 2126ab0;Mammalia;Rodentia;Gliridae;Glis glis
M86;180551;v1.9 rev 2126ab0;Mammalia;Carnivora;Mustelidae;Gulo gulo
M87;633542;v1.9 rev 2126ab0;Mammalia;Eulipotyphla;Erinaceidae;Hemiechinus auritus
M88;621893;v1.9 rev 2126ab0;Mammalia;Carnivora;Herpestidae;Herpestes ichneumon
M89;621908;v1.9 rev 2126ab0;Mammalia;Carnivora;Hyaenidae;Hyaena hyaena
M90;947685;v1.9 rev 2126ab0;Mammalia;Chiroptera;Vespertilionidae;Hypsugo savii
M91;584681;v1.9 rev 2126ab0;Mammalia;Rodentia;Hystricidae;Hystrix cristata
M92;584682;v1.9 rev 2126ab0;Mammalia;Rodentia;Hystricidae;Hystrix indica
M93;632849;v1.9 rev 2126ab0;Mammalia;Rodentia;Cricetidae;Lagurus lagurus
M94;632854;v1.9 rev 2126ab0;Mammalia;Rodentia;Cricetidae;Lemmus lemmus
M95;180320;v1.9 rev 2126ab0;Mammalia;Rodentia;Cricetidae;Lemmus sibiricus
M96;180117;v1.9 rev 2126ab0;Mammalia;Lagomorpha;Leporidae;Lepus capensis
M97;625339;v1.9 rev 2126ab0;Mammalia;Lagomorpha;Leporidae;Lepus castroviejoi
M98;625342;v1.9 rev 2126ab0;Mammalia;Lagomorpha;Leporidae;Lepus corsicanus
M99;552501;v1.9 rev 2126ab0;Mammalia;Lagomorpha;Leporidae;Lepus europaeus
M100;625345;v1.9 rev 2126ab0;Mammalia;Lagomorpha;Leporidae;Lepus granatensis
M101;180113;v1.9 rev 2126ab0;Mammalia;Lagomorpha;Leporidae;Lepus timidus
M102;625355;v1.9 rev 2126ab0;Mammalia;Lagomorpha;Leporidae;Lepus tolai
M103;621916;v1.9 rev 2126ab0;Mammalia;Carnivora;Mustelidae;Lutra lutra
M104;180584;v1.9 rev 2126ab0;Mammalia;Carnivora;Felidae;Lynx lynx
M105;621869;v1.9 rev 2126ab0;Mammalia;Carnivora;Felidae;Lynx pardinus
M107;632378;v1.9 rev 2126ab0;Mammalia;Rodentia;Sciuridae;Marmota baibacina
M108;632379;v1.9 rev 2126ab0;Mammalia;Rodentia;Sciuridae;Marmota bobak
M109;632383;v1.9 rev 2126ab0;Mammalia;Rodentia;Sciuridae;Marmota marmota
M110;621941;v1.9 rev 2126ab0;Mammalia;Carnivora;Mustelidae;Martes foina
M111;621943;v1.9 rev 2126ab0;Mammalia;Carnivora;Mustelidae;Martes martes
M112;621945;v1.9 rev 2126ab0;Mammalia;Carnivora;Mustelidae;Martes zibellina
M113;726279;v1.9 rev 2126ab0;Mammalia;Carnivora;Mustelidae;Meles leucurus
M114;621922;v1.9 rev 2126ab0;Mammalia;Carnivora;Mustelidae;Meles meles
M115;632978;v1.9 rev 2126ab0;Mammalia;Rodentia;Muridae;Meriones crassus
M116;632977;v1.9 rev 2126ab0;Mammalia;Rodentia;Muridae;Meriones dahli
M117;632980;v1.9 rev 2126ab0;Mammalia;Rodentia;Muridae;Meriones libycus
M118;632981;v1.9 rev 2126ab0;Mammalia;Rodentia;Muridae;Meriones meridianus
M119;632982;v1.9 rev 2126ab0;Mammalia;Rodentia;Muridae;Meriones persicus
M120;632986;v1.9 rev 2126ab0;Mammalia;Rodentia;Muridae;Meriones tamariscinus
M121;632987;v1.9 rev 2126ab0;Mammalia;Rodentia;Muridae;Meriones tristrami
M122;632989;v1.9 rev 2126ab0;Mammalia;Rodentia;Muridae;Meriones vinogradovi
M123;632735;v1.9 rev 2126ab0;Mammalia;Rodentia;Cricetidae;Mesocricetus auratus
M124;632736;v1.9 rev 2126ab0;Mammalia;Rodentia;Cricetidae;Mesocricetus brandti
M125;632737;v1.9 rev 2126ab0;Mammalia;Rodentia;Cricetidae;Mesocricetus newtoni
M126;632738;v1.9 rev 2126ab0;Mammalia;Rodentia;Cricetidae;Mesocricetus raddei
M127;585369;v1.9 rev 2126ab0;Mammalia;Rodentia;Muridae;Micromys minutus
M128;632855;v1.9 rev 2126ab0;Mammalia;Rodentia;Cricetidae;Microtus agrestis
M129;970597;v1.9 rev 2126ab0;Mammalia;Rodentia;Cricetidae;Microtus anatolicus
M130;632856;v1.9 rev 2126ab0;Mammalia;Rodentia;Cricetidae;Microtus arvalis
M131;632857;v1.9 rev 2126ab0;Mammalia;Rodentia;Cricetidae;Microtus bavaricus
M132;970598;v1.9 rev 2126ab0;Mammalia;Rodentia;Cricetidae;Microtus brachycercus
M133;632858;v1.9 rev 2126ab0;Mammalia;Rodentia;Cricetidae;Microtus cabrerae
M134;632859;v1.9 rev 2126ab0;Mammalia;Rodentia;Cricetidae;Microtus daghestanicus
M135;970600;v1.9 rev 2126ab0;Mammalia;Rodentia;Cricetidae;Microtus dogramacii
M136;632860;v1.9 rev 2126ab0;Mammalia;Rodentia;Cricetidae;Microtus duodecimcostatus
M137;632862;v1.9 rev 2126ab0;Mammalia;Rodentia;Cricetidae;Microtus felteni
M138;632864;v1.9 rev 2126ab0;Mammalia;Rodentia;Cricetidae;Microtus gerbei
M139;180302;v1.9 rev 2126ab0;Mammalia;Rodentia;Cricetidae;Microtus gregalis
M140;632866;v1.9 rev 2126ab0;Mammalia;Rodentia;Cricetidae;Microtus guentheri
M141;970603;v1.9 rev 2126ab0;Mammalia;Rodentia;Cricetidae;Microtus levis
M142;970604;v1.9 rev 2126ab0;Mammalia;Rodentia;Cricetidae;Microtus liechtensteini
M143;632875;v1.9 rev 2126ab0;Mammalia;Rodentia;Cricetidae;Microtus lusitanicus
M144;632876;v1.9 rev 2126ab0;Mammalia;Rodentia;Cricetidae;Microtus majori
M145;632878;v1.9 rev 2126ab0;Mammalia;Rodentia;Cricetidae;Microtus middendorffi
M146;632882;v1.9 rev 2126ab0;Mammalia;Rodentia;Cricetidae;Microtus multiplex
M147;632883;v1.9 rev 2126ab0;Mammalia;Rodentia;Cricetidae;Microtus daghestanicus nasarovi
M148;180298;v1.9 rev 2126ab0;Mammalia;Rodentia;Cricetidae;Microtus oeconomus
M149;632888;v1.9 rev 2126ab0;Mammalia;Rodentia;Cricetidae;Microtus savii
M150;970608;v1.9 rev 2126ab0;Mammalia;Rodentia;Cricetidae;Microtus schidlovskii
M151;632892;v1.9 rev 2126ab0;Mammalia;Rodentia;Cricetidae;Microtus socialis
M152;632893;v1.9 rev 2126ab0;Mammalia;Rodentia;Cricetidae;Microtus subterraneus
M153;632894;v1.9 rev 2126ab0;Mammalia;Rodentia;Cricetidae;Microtus tatricus
M154;632895;v1.9 rev 2126ab0;Mammalia;Rodentia;Cricetidae;Microtus thomasi
M155;948651;v1.9 rev 2126ab0;Mammalia;Chiroptera;Vespertilionidae;Miniopterus schreibersii fuliginosus
M156;946266;v1.9 rev 2126ab0;Mammalia;Chiroptera;Vespertilionidae;Miniopterus schreibersii
M157;n/a;n/a;Mammalia;Rodentia;Muridae;Mus cypriacus
M158;585389;v1.9 rev 2126ab0;Mammalia;Rodentia;Muridae;Mus macedonicus
M159;180366;v1.9 rev 2126ab0;Mammalia;Rodentia;Muridae;Mus musculus
M160;585406;v1.9 rev 2126ab0;Mammalia;Rodentia;Muridae;Mus spicilegus
M161;585407;v1.9 rev 2126ab0;Mammalia;Rodentia;Muridae;Mus spretus
M162;584974;v1.9 rev 2126ab0;Mammalia;Rodentia;Gliridae;Muscardinus avellanarius
M163;180555;v1.9 rev 2126ab0;Mammalia;Carnivora;Mustelidae;Mustela erminea
M164;726280;v1.9 rev 2126ab0;Mammalia;Carnivora;Mustelidae;Mustela eversmanii
M165;621951;v1.9 rev 2126ab0;Mammalia;Carnivora;Mustelidae;Mustela lutreola
M166;180554;v1.9 rev 2126ab0;Mammalia;Carnivora;Mustelidae;Mustela nivalis
M167;621954;v1.9 rev 2126ab0;Mammalia;Carnivora;Mustelidae;Mustela putorius
M168;621955;v1.9 rev 2126ab0;Mammalia;Carnivora;Mustelidae;Mustela sibirica
M169;970613;v1.9 rev 2126ab0;Mammalia;Rodentia;Cricetidae;Myodes glareolus
M170;970617;v1.9 rev 2126ab0;Mammalia;Rodentia;Cricetidae;Myodes rufocanus
M171;970618;v1.9 rev 2126ab0;Mammalia;Rodentia;Cricetidae;Myodes rutilus
M172;584972;v1.9 rev 2126ab0;Mammalia;Rodentia;Gliridae;Myomimus roachi
M173;584973;v1.9 rev 2126ab0;Mammalia;Rodentia;Gliridae;Myomimus setzeri
M174;632898;v1.9 rev 2126ab0;Mammalia;Rodentia;Cricetidae;Myopus schisticolor
M175;946234;v1.9 rev 2126ab0;Mammalia;Chiroptera;Vespertilionidae;Myotis alcathoe
M176;946244;v1.9 rev 2126ab0;Mammalia;Chiroptera;Vespertilionidae;Myotis aurascens
M177;946238;v1.9 rev 2126ab0;Mammalia;Chiroptera;Vespertilionidae;Myotis bechsteinii
M178;632003;v1.9 rev 2126ab0;Mammalia;Chiroptera;Vespertilionidae;Myotis blythii
M179;946240;v1.9 rev 2126ab0;Mammalia;Chiroptera;Vespertilionidae;Myotis brandtii
M180;632007;v1.9 rev 2126ab0;Mammalia;Chiroptera;Vespertilionidae;Myotis capaccinii
M181;632011;v1.9 rev 2126ab0;Mammalia;Chiroptera;Vespertilionidae;Myotis dasycneme
M182;946243;v1.9 rev 2126ab0;Mammalia;Chiroptera;Vespertilionidae;Myotis daubentonii
M183;632015;v1.9 rev 2126ab0;Mammalia;Chiroptera;Vespertilionidae;Myotis emarginatus
M184;946247;v1.9 rev 2126ab0;Mammalia;Chiroptera;Vespertilionidae;Myotis hajastanicus
M185;632035;v1.9 rev 2126ab0;Mammalia;Chiroptera;Vespertilionidae;Myotis myotis
M186;632036;v1.9 rev 2126ab0;Mammalia;Chiroptera;Vespertilionidae;Myotis mystacinus
M187;632037;v1.9 rev 2126ab0;Mammalia;Chiroptera;Vespertilionidae;Myotis nattereri
M188;946253;v1.9 rev 2126ab0;Mammalia;Chiroptera;Vespertilionidae;Myotis nipalensis
M189;946256;v1.9 rev 2126ab0;Mammalia;Chiroptera;Vespertilionidae;Myotis punicus
M190;632052;v1.9 rev 2126ab0;Mammalia;Chiroptera;Vespertilionidae;Myotis schaubi
M191;633775;v1.9 rev 2126ab0;Mammalia;Eulipotyphla;Soricidae;Neomys anomalus
M192;633776;v1.9 rev 2126ab0;Mammalia;Eulipotyphla;Soricidae;Neomys fodiens
M193;709799;v1.9 rev 2126ab0;Mammalia;Eulipotyphla;Soricidae;Neomys teres
M195;632064;v1.9 rev 2126ab0;Mammalia;Chiroptera;Vespertilionidae;Nyctalus azoreum
M196;632066;v1.9 rev 2126ab0;Mammalia;Chiroptera;Vespertilionidae;Nyctalus lasiopterus
M197;632067;v1.9 rev 2126ab0;Mammalia;Chiroptera;Vespertilionidae;Nyctalus leisleri
M198;632069;v1.9 rev 2126ab0;Mammalia;Chiroptera;Vespertilionidae;Nyctalus noctula
M199;625321;v1.9 rev 2126ab0;Mammalia;Lagomorpha;Ochotonidae;Ochotona hyperborea
M200;625329;v1.9 rev 2126ab0;Mammalia;Lagomorpha;Ochotonidae;Ochotona pusilla
M201;180129;v1.9 rev 2126ab0;Mammalia;Lagomorpha;Leporidae;Oryctolagus cuniculus
M202;183791;v1.9 rev 2126ab0;Mammalia;Carnivora;Felidae;Felis manul
M203;552475;v1.9 rev 2126ab0;Mammalia;Cetartiodactyla;Bovidae;Ovis aries
M204;898799;v1.9 rev 2126ab0;Mammalia;Cetartiodactyla;Bovidae;Ovis aries orientalis
M205;183804;v1.9 rev 2126ab0;Mammalia;Carnivora;Felidae;Panthera pardus
M206;632108;v1.9 rev 2126ab0;Mammalia;Chiroptera;Vespertilionidae;Pipistrellus kuhlii
M207;632111;v1.9 rev 2126ab0;Mammalia;Chiroptera;Vespertilionidae;Pipistrellus maderensis
M208;632118;v1.9 rev 2126ab0;Mammalia;Chiroptera;Vespertilionidae;Pipistrellus nathusii
M209;632123;v1.9 rev 2126ab0;Mammalia;Chiroptera;Vespertilionidae;Pipistrellus pipistrellus
M210;946162;v1.9 rev 2126ab0;Mammalia;Chiroptera;Vespertilionidae;Pipistrellus pygmaeus
M211;632133;v1.9 rev 2126ab0;Mammalia;Chiroptera;Vespertilionidae;Plecotus auritus
M212;632134;v1.9 rev 2126ab0;Mammalia;Chiroptera;Vespertilionidae;Plecotus austriacus
M213;946169;v1.9 rev 2126ab0;Mammalia;Chiroptera;Vespertilionidae;Plecotus kolombatovici
M214;947292;v1.9 rev 2126ab0;Mammalia;Chiroptera;Vespertilionidae;Plecotus macrobullaris
M215;946170;v1.9 rev 2126ab0;Mammalia;Chiroptera;Vespertilionidae;Plecotus sardus
M216;632264;v1.9 rev 2126ab0;Mammalia;Chiroptera;Vespertilionidae;Plecotus teneriffae
M217;632902;v1.9 rev 2126ab0;Mammalia;Rodentia;Cricetidae;Prometheomys schaposchnikowi
M218;632525;v1.9 rev 2126ab0;Mammalia;Rodentia;Sciuridae;Pteromys volans
M219;609745;v1.9 rev 2126ab0;Mammalia;Rodentia;Dipodidae;Pygeretmus platyurus
M220;609746;v1.9 rev 2126ab0;Mammalia;Rodentia;Dipodidae;Pygeretmus pumilio
M221;180701;v1.9 rev 2126ab0;Mammalia;Cetartiodactyla;Cervidae;Rangifer tarandus
M224;631414;v1.9 rev 2126ab0;Mammalia;Chiroptera;Rhinolophidae;Rhinolophus blasii
M225;631428;v1.9 rev 2126ab0;Mammalia;Chiroptera;Rhinolophidae;Rhinolophus euryale
M226;631430;v1.9 rev 2126ab0;Mammalia;Chiroptera;Rhinolophidae;Rhinolophus ferrumequinum
M227;631434;v1.9 rev 2126ab0;Mammalia;Chiroptera;Rhinolophidae;Rhinolophus hipposideros
M228;631446;v1.9 rev 2126ab0;Mammalia;Chiroptera;Rhinolophidae;Rhinolophus mehelyi
M229;632995;v1.9 rev 2126ab0;Mammalia;Rodentia;Muridae;Rhombomys opimus
M230;632267;v1.9 rev 2126ab0;Mammalia;Chiroptera;Pteropodidae;Rousettus aegyptiacus
M231;625158;v1.9 rev 2126ab0;Mammalia;Cetartiodactyla;Bovidae;Rupicapra pyrenaica
M232;625159;v1.9 rev 2126ab0;Mammalia;Cetartiodactyla;Bovidae;Rupicapra rupicapra
M233;625120;v1.9 rev 2126ab0;Mammalia;Cetartiodactyla;Bovidae;Saiga tatarica
M234;632422;v1.9 rev 2126ab0;Mammalia;Rodentia;Sciuridae;Sciurus anomalus
M235;632439;v1.9 rev 2126ab0;Mammalia;Rodentia;Sciuridae;Sciurus vulgaris
M236;609766;v1.9 rev 2126ab0;Mammalia;Rodentia;Dipodidae;Sicista armenica
M237;609767;v1.9 rev 2126ab0;Mammalia;Rodentia;Dipodidae;Sicista betulina
M238;609768;v1.9 rev 2126ab0;Mammalia;Rodentia;Dipodidae;Sicista caucasica
M239;609771;v1.9 rev 2126ab0;Mammalia;Rodentia;Dipodidae;Sicista kazbegica
M240;609772;v1.9 rev 2126ab0;Mammalia;Rodentia;Dipodidae;Sicista kluchorica
M241;609775;v1.9 rev 2126ab0;Mammalia;Rodentia;Dipodidae;Sicista severtzovi
M242;609776;v1.9 rev 2126ab0;Mammalia;Rodentia;Dipodidae;Sicista strandi
M243;609777;v1.9 rev 2126ab0;Mammalia;Rodentia;Dipodidae;Sicista subtilis
M244;633778;v1.9 rev 2126ab0;Mammalia;Eulipotyphla;Soricidae;Sorex alpinus
M245;709807;v1.9 rev 2126ab0;Mammalia;Eulipotyphla;Soricidae;Sorex antinorii
M246;633779;v1.9 rev 2126ab0;Mammalia;Eulipotyphla;Soricidae;Sorex araneus
M248;633783;v1.9 rev 2126ab0;Mammalia;Eulipotyphla;Soricidae;Sorex caecutiens
M249;633786;v1.9 rev 2126ab0;Mammalia;Eulipotyphla;Soricidae;Sorex coronatus
M250;633792;v1.9 rev 2126ab0;Mammalia;Eulipotyphla;Soricidae;Sorex granarius
M251;633794;v1.9 rev 2126ab0;Mammalia;Eulipotyphla;Soricidae;Sorex isodon
M252;552507;v1.9 rev 2126ab0;Mammalia;Eulipotyphla;Soricidae;Sorex minutissimus
M253;633799;v1.9 rev 2126ab0;Mammalia;Eulipotyphla;Soricidae;Sorex minutus
M254;633804;v1.9 rev 2126ab0;Mammalia;Eulipotyphla;Soricidae;Sorex raddei
M255;633807;v1.9 rev 2126ab0;Mammalia;Eulipotyphla;Soricidae;Sorex samniticus
M256;633808;v1.9 rev 2126ab0;Mammalia;Eulipotyphla;Soricidae;Sorex satunini
M257;179957;v1.9 rev 2126ab0;Mammalia;Eulipotyphla;Soricidae;Sorex tundrensis
M258;633818;v1.9 rev 2126ab0;Mammalia;Eulipotyphla;Soricidae;Sorex volnuchini
M259;633020;v1.9 rev 2126ab0;Mammalia;Rodentia;Spalacidae;Spalax arenarius
M260;970560;v1.9 rev 2126ab0;Mammalia;Rodentia;Spalacidae;Spalax ehrenbergi
M261;633021;v1.9 rev 2126ab0;Mammalia;Rodentia;Spalacidae;Spalax giganteus
M262;633022;v1.9 rev 2126ab0;Mammalia;Rodentia;Spalacidae;Spalax graecus
M263;970564;v1.9 rev 2126ab0;Mammalia;Rodentia;Spalacidae;Spalax leucodon
M264;633023;v1.9 rev 2126ab0;Mammalia;Rodentia;Spalacidae;Spalax microphthalmus
M265;970565;v1.9 rev 2126ab0;Mammalia;Rodentia;Spalacidae;Spalax nehringi
M266;970566;v1.9 rev 2126ab0;Mammalia;Rodentia;Spalacidae;Spalax uralensis
M267;633024;v1.9 rev 2126ab0;Mammalia;Rodentia;Spalacidae;Spalax zemni
M268;632446;v1.9 rev 2126ab0;Mammalia;Rodentia;Sciuridae;Spermophilus citellus
M269;632449;v1.9 rev 2126ab0;Mammalia;Rodentia;Sciuridae;Spermophilus fulvus
M270;632451;v1.9 rev 2126ab0;Mammalia;Rodentia;Sciuridae;Spermophilus major
M271;632452;v1.9 rev 2126ab0;Mammalia;Rodentia;Sciuridae;Spermophilus musicus
M272;632454;v1.9 rev 2126ab0;Mammalia;Rodentia;Sciuridae;Spermophilus pygmaeus
M273;632456;v1.9 rev 2126ab0;Mammalia;Rodentia;Sciuridae;Spermophilus suslicus
M274;930306;v1.9 rev 2126ab0;Mammalia;Rodentia;Sciuridae;Spermophilus taurensis
M275;632458;v1.9 rev 2126ab0;Mammalia;Rodentia;Sciuridae;Spermophilus xanthoprymnus
M276;609763;v1.9 rev 2126ab0;Mammalia;Rodentia;Dipodidae;Stylodipus telum
M277;633726;v1.9 rev 2126ab0;Mammalia;Eulipotyphla;Soricidae;Suncus etruscus
M278;180722;v1.9 rev 2126ab0;Mammalia;Cetartiodactyla;Suidae;Sus scrofa
M279;632261;v1.9 rev 2126ab0;Mammalia;Chiroptera;Molossidae;Tadarida teniotis
M280;633850;v1.9 rev 2126ab0;Mammalia;Eulipotyphla;Talpidae;Talpa caeca
M281;633851;v1.9 rev 2126ab0;Mammalia;Eulipotyphla;Talpidae;Talpa caucasica
M282;709819;v1.9 rev 2126ab0;Mammalia;Eulipotyphla;Talpidae;Talpa davidiana
M283;633852;v1.9 rev 2126ab0;Mammalia;Eulipotyphla;Talpidae;Talpa europaea
M284;633853;v1.9 rev 2126ab0;Mammalia;Eulipotyphla;Talpidae;Talpa levantis
M285;633854;v1.9 rev 2126ab0;Mammalia;Eulipotyphla;Talpidae;Talpa occidentalis
M286;633855;v1.9 rev 2126ab0;Mammalia;Eulipotyphla;Talpidae;Talpa romana
M287;633856;v1.9 rev 2126ab0;Mammalia;Eulipotyphla;Talpidae;Talpa stankovici
M288;632477;v1.9 rev 2126ab0;Mammalia;Rodentia;Sciuridae;Tamias sibiricus
M289;633002;v1.9 rev 2126ab0;Mammalia;Rodentia;Muridae;Tatera indica
M290;180543;v1.9 rev 2126ab0;Mammalia;Carnivora;Ursidae;Ursus arctos
M291;180542;v1.9 rev 2126ab0;Mammalia;Carnivora;Ursidae;Ursus maritimus
M292;632159;v1.9 rev 2126ab0;Mammalia;Chiroptera;Vespertilionidae;Vespertilio murinus
M293;621958;v1.9 rev 2126ab0;Mammalia;Carnivora;Mustelidae;Vormela peregusna
M294;621861;v1.9 rev 2126ab0;Mammalia;Carnivora;Canidae;Vulpes corsac
M295;180604;v1.9 rev 2126ab0;Mammalia;Carnivora;Canidae;Vulpes vulpes
R1;n/a;v1.9 rev 2126ab0;Reptilia;Squamata;Scincidae;Ablepharus bivittatus
R2;n/a;v1.9 rev 2126ab0;Reptilia;Squamata;Scincidae;Ablepharus budaki
R3;n/a;v1.9 rev 2126ab0;Reptilia;Squamata;Scincidae;Ablepharus chernovi
R4;n/a;v1.9 rev 2126ab0;Reptilia;Squamata;Scincidae;Ablepharus kitaibelii
R5;n/a;v1.9 rev 2126ab0;Reptilia;Squamata;Scincidae;Ablepharus pannonicus
R6;n/a;v1.9 rev 2126ab0;Reptilia;Squamata;Lacertidae;Acanthodactylus erythrurus
R7;n/a;v1.9 rev 2126ab0;Reptilia;Squamata;Lacertidae;Acanthodactylus schreiberi
R8;n/a;v1.9 rev 2126ab0;Reptilia;Squamata;Lacertidae;Algyroides fitzingeri
R9;n/a;v1.9 rev 2126ab0;Reptilia;Squamata;Lacertidae;Algyroides marchi
R10;n/a;v1.9 rev 2126ab0;Reptilia;Squamata;Lacertidae;Algyroides moreoticus
R11;n/a;v1.9 rev 2126ab0;Reptilia;Squamata;Lacertidae;Algyroides nigropunctatus
R12;818121;v1.9 rev 2126ab0;Reptilia;Squamata;Gekkonidae;Alsophylax pipiens
R13;n/a;v1.9 rev 2126ab0;Reptilia;Squamata;Anguidae;Anguis cephallonica
R14;n/a;v1.9 rev 2126ab0;Reptilia;Squamata;Anguidae;Anguis fragilis
R15;n/a;v1.9 rev 2126ab0;Reptilia;Squamata;Lacertidae;Archaeolacerta bedriagae
R16;818144;v1.9 rev 2126ab0;Reptilia;Squamata;Gekkonidae;Asaccus elisae
R17;n/a;v1.9 rev 2126ab0;Reptilia;Squamata;Amphisbaenidae;Blanus cinereus
R18;n/a;v1.9 rev 2126ab0;Reptilia;Squamata;Amphisbaenidae;Blanus strauchi
R19;n/a;v1.9 rev 2126ab0;Reptilia;Squamata;Scincidae;Chalcides bedriagai
R20;n/a;v1.9 rev 2126ab0;Reptilia;Squamata;Scincidae;Chalcides sexlineatus bistriatus
R21;n/a;v1.9 rev 2126ab0;Reptilia;Squamata;Scincidae;Chalcides chalcides
R22;n/a;v1.9 rev 2126ab0;Reptilia;Squamata;Scincidae;Chalcides ocellatus
R23;n/a;v1.9 rev 2126ab0;Reptilia;Squamata;Scincidae;Chalcides sexlineatus
R24;n/a;v1.9 rev 2126ab0;Reptilia;Squamata;Scincidae;Chalcides simonyi
R25;n/a;v1.9 rev 2126ab0;Reptilia;Squamata;Scincidae;Chalcides striatus
R26;n/a;v1.9 rev 2126ab0;Reptilia;Squamata;Scincidae;Chalcides viridanus
R27;715154;v1.9 rev 2126ab0;Reptilia;Squamata;Chamaeleonidae;Chamaeleo chamaeleon
R28;1081704;v1.9 rev 2126ab0;Reptilia;Squamata;Colubridae;Coronella austriaca
R29;1081706;v1.9 rev 2126ab0;Reptilia;Squamata;Colubridae;Coronella girondica
R30;818419;v1.9 rev 2126ab0;Reptilia;Squamata;Gekkonidae;Cyrtopodion caspium
R31;818911;v1.9 rev 2126ab0;Reptilia;Squamata;Gekkonidae;Mediodactylus heterocercus
R32;818913;v1.9 rev 2126ab0;Reptilia;Squamata;Gekkonidae;Mediodactylus kotschyi
R33;818915;v1.9 rev 2126ab0;Reptilia;Squamata;Gekkonidae;Mediodactylus russowii
R34;208988;v1.9 rev 2126ab0;Reptilia;Squamata;Gekkonidae;Cyrtopodion scabrum
R35;n/a;v1.9 rev 2126ab0;Reptilia;Squamata;Lacertidae;Darevskia alpina
R36;n/a;v1.9 rev 2126ab0;Reptilia;Squamata;Lacertidae;Darevskia armeniaca
R37;n/a;v1.9 rev 2126ab0;Reptilia;Squamata;Lacertidae;Darevskia bendimahiensis
R38;n/a;v1.9 rev 2126ab0;Reptilia;Squamata;Lacertidae;Darevskia brauneri
R39;n/a;v1.9 rev 2126ab0;Reptilia;Squamata;Lacertidae;Darevskia caucasica
R40;n/a;v1.9 rev 2126ab0;Reptilia;Squamata;Lacertidae;Darevskia clarkorum
R41;n/a;v1.9 rev 2126ab0;Reptilia;Squamata;Lacertidae;Darevskia daghestanica
R42;n/a;v1.9 rev 2126ab0;Reptilia;Squamata;Lacertidae;Darevskia dahli
R43;n/a;v1.9 rev 2126ab0;Reptilia;Squamata;Lacertidae;Darevskia derjugini
R44;n/a;v1.9 rev 2126ab0;Reptilia;Squamata;Lacertidae;Darevskia dryada
R45;n/a;v1.9 rev 2126ab0;Reptilia;Squamata;Lacertidae;Darevskia lindholmi
R46;n/a;v1.9 rev 2126ab0;Reptilia;Squamata;Lacertidae;Darevskia mixta
R47;n/a;v1.9 rev 2126ab0;Reptilia;Squamata;Lacertidae;Darevskia raddei nairensis
R48;n/a;v1.9 rev 2126ab0;Reptilia;Squamata;Lacertidae;Darevskia parvula
R49;n/a;v1.9 rev 2126ab0;Reptilia;Squamata;Lacertidae;Darevskia portschinskii
R50;n/a;v1.9 rev 2126ab0;Reptilia;Squamata;Lacertidae;Darevskia praticola
R51;n/a;v1.9 rev 2126ab0;Reptilia;Squamata;Lacertidae;Darevskia raddei
R52;n/a;v1.9 rev 2126ab0;Reptilia;Squamata;Lacertidae;Darevskia rostombekovi
R53;n/a;v1.9 rev 2126ab0;Reptilia;Squamata;Lacertidae;Darevskia rudis
R54;n/a;v1.9 rev 2126ab0;Reptilia;Squamata;Lacertidae;Darevskia sapphirina
R55;n/a;v1.9 rev 2126ab0;Reptilia;Squamata;Lacertidae;Darevskia saxicola
R56;n/a;v1.9 rev 2126ab0;Reptilia;Squamata;Lacertidae;Darevskia unisexualis
R57;n/a;v1.9 rev 2126ab0;Reptilia;Squamata;Lacertidae;Darevskia uzzelli
R58;n/a;v1.9 rev 2126ab0;Reptilia;Squamata;Lacertidae;Darevskia valentini
R59;1081802;v1.9 rev 2126ab0;Reptilia;Squamata;Colubridae;Eirenis aurolineatus
R60;1081803;v1.9 rev 2126ab0;Reptilia;Squamata;Colubridae;Eirenis barani
R61;1081691;v1.9 rev 2126ab0;Reptilia;Squamata;Colubridae;Platyceps collaris
R62;1081804;v1.9 rev 2126ab0;Reptilia;Squamata;Colubridae;Eirenis coronella
R63;1081805;v1.9 rev 2126ab0;Reptilia;Squamata;Colubridae;Eirenis decemlineatus
R64;1081806;v1.9 rev 2126ab0;Reptilia;Squamata;Colubridae;Eirenis eiselti
R65;1081807;v1.9 rev 2126ab0;Reptilia;Squamata;Colubridae;Eirenis hakkariensis
R66;1081498;v1.9 rev 2126ab0;Reptilia;Squamata;Colubridae;Eirenis levantinus
R67;1081499;v1.9 rev 2126ab0;Reptilia;Squamata;Colubridae;Eirenis lineomaculatus
R68;1081501;v1.9 rev 2126ab0;Reptilia;Squamata;Colubridae;Eirenis modestus
R69;1081502;v1.9 rev 2126ab0;Reptilia;Squamata;Colubridae;Eirenis punctatolineatus
R70;1081504;v1.9 rev 2126ab0;Reptilia;Squamata;Colubridae;Eirenis rothii
R71;1081505;v1.9 rev 2126ab0;Reptilia;Squamata;Colubridae;Eirenis thospitis
R72;1081814;v1.9 rev 2126ab0;Reptilia;Squamata;Colubridae;Elaphe dione
R73;1081500;v1.9 rev 2126ab0;Reptilia;Squamata;Colubridae;Eirenis medus
R74;1081821;v1.9 rev 2126ab0;Reptilia;Squamata;Colubridae;Zamenis hohenackeri
R75;1081822;v1.9 rev 2126ab0;Reptilia;Squamata;Colubridae;Zamenis lineatus
R76;1081823;v1.9 rev 2126ab0;Reptilia;Squamata;Colubridae;Zamenis longissimus
R77;1081831;v1.9 rev 2126ab0;Reptilia;Squamata;Colubridae;Elaphe quatuorlineata
R78;1082914;v1.9 rev 2126ab0;Reptilia;Squamata;Colubridae;Zamenis scalaris
R79;1081836;v1.9 rev 2126ab0;Reptilia;Squamata;Colubridae;Zamenis situla
R80;551943;v1.9 rev 2126ab0;Reptilia;Testudines;Emydidae;Emys orbicularis
R81;n/a;v1.9 rev 2126ab0;Reptilia;Squamata;Lacertidae;Eremias arguta
R82;n/a;v1.9 rev 2126ab0;Reptilia;Squamata;Lacertidae;Eremias intermedia
R83;n/a;v1.9 rev 2126ab0;Reptilia;Squamata;Lacertidae;Eremias pleskei
R84;n/a;v1.9 rev 2126ab0;Reptilia;Squamata;Lacertidae;Eremias scripta
R85;n/a;v1.9 rev 2126ab0;Reptilia;Squamata;Lacertidae;Eremias strauchi
R86;n/a;v1.9 rev 2126ab0;Reptilia;Squamata;Lacertidae;Eremias suphani
R87;n/a;v1.9 rev 2126ab0;Reptilia;Squamata;Lacertidae;Eremias velox
R88;634806;v1.9 rev 2126ab0;Reptilia;Squamata;Boidae;Eryx jaculus
R89;634809;v1.9 rev 2126ab0;Reptilia;Squamata;Boidae;Eryx miliaris
R90;818508;v1.9 rev 2126ab0;Reptilia;Squamata;Gekkonidae;Euleptes europaea
R91;n/a;v1.9 rev 2126ab0;Reptilia;Squamata;Scincidae;Eumeces schneideri
R92;n/a;v1.9 rev 2126ab0;Reptilia;Squamata;Lacertidae;Gallotia atlantica
R93;n/a;v1.9 rev 2126ab0;Reptilia;Squamata;Lacertidae;Gallotia auaritae
R94;n/a;v1.9 rev 2126ab0;Reptilia;Squamata;Lacertidae;Gallotia bravoana
R95;n/a;v1.9 rev 2126ab0;Reptilia;Squamata;Lacertidae;Gallotia caesaris
R96;n/a;v1.9 rev 2126ab0;Reptilia;Squamata;Lacertidae;Gallotia galloti
R97;n/a;v1.9 rev 2126ab0;Reptilia;Squamata;Lacertidae;Gallotia intermedia
R98;n/a;v1.9 rev 2126ab0;Reptilia;Squamata;Lacertidae;Gallotia simonyi
R99;n/a;v1.9 rev 2126ab0;Reptilia;Squamata;Lacertidae;Gallotia stehlini
R100;634887;v1.9 rev 2126ab0;Reptilia;Squamata;Viperidae;Gloydius intermedius
R101;n/a;v1.9 rev 2126ab0;Reptilia;Squamata;Lacertidae;Hellenolacerta graeca
R102;174059;v1.9 rev 2126ab0;Reptilia;Squamata;Gekkonidae;Hemidactylus turcicus
R103;1081681;v1.9 rev 2126ab0;Reptilia;Squamata;Colubridae;Hemorrhois hippocrepis
R104;1082842;v1.9 rev 2126ab0;Reptilia;Squamata;Colubridae;Dolichophis cypriensis
R105;1081680;v1.9 rev 2126ab0;Reptilia;Squamata;Colubridae;Hierophis gemonensis
R106;1081699;v1.9 rev 2126ab0;Reptilia;Squamata;Colubridae;Hierophis viridiflavus
R107;n/a;v1.9 rev 2126ab0;Reptilia;Squamata;Lacertidae;Iberolacerta aranica
R108;n/a;v1.9 rev 2126ab0;Reptilia;Squamata;Lacertidae;Iberolacerta aurelioi
R109;n/a;v1.9 rev 2126ab0;Reptilia;Squamata;Lacertidae;Iberolacerta bonnali
R110;n/a;v1.9 rev 2126ab0;Reptilia;Squamata;Lacertidae;Iberolacerta cyreni
R111;n/a;v1.9 rev 2126ab0;Reptilia;Squamata;Lacertidae;Iberolacerta galani
R112;n/a;v1.9 rev 2126ab0;Reptilia;Squamata;Lacertidae;Iberolacerta horvathi
R113;n/a;v1.9 rev 2126ab0;Reptilia;Squamata;Lacertidae;Iberolacerta martinezricai
R114;n/a;v1.9 rev 2126ab0;Reptilia;Squamata;Lacertidae;Iberolacerta monticola
R115;n/a;v1.9 rev 2126ab0;Reptilia;Squamata;Lacertidae;Lacerta agilis
R116;n/a;v1.9 rev 2126ab0;Reptilia;Squamata;Lacertidae;Anatololacerta anatolica
R117;683036;v1.9 rev 2126ab0;Reptilia;Squamata;Lacertidae;Lacerta bilineata
R118;n/a;v1.9 rev 2126ab0;Reptilia;Squamata;Lacertidae;Apathya cappadocica
R119;n/a;v1.9 rev 2126ab0;Reptilia;Squamata;Lacertidae;Phoenicolacerta cyanisparsa
R120;n/a;v1.9 rev 2126ab0;Reptilia;Squamata;Lacertidae;Anatololacerta danfordi
R121;n/a;v1.9 rev 2126ab0;Reptilia;Squamata;Lacertidae;Teira dugesii
R122;n/a;v1.9 rev 2126ab0;Reptilia;Squamata;Lacertidae;Phoenicolacerta laevis
R123;n/a;v1.9 rev 2126ab0;Reptilia;Squamata;Lacertidae;Timon lepidus
R124;n/a;v1.9 rev 2126ab0;Reptilia;Squamata;Lacertidae;Lacerta media
R125;n/a;v1.9 rev 2126ab0;Reptilia;Squamata;Lacertidae;Dinarolacerta mosorensis
R126;n/a;v1.9 rev 2126ab0;Reptilia;Squamata;Lacertidae;Dinarolacerta montenegrina
R127;n/a;v1.9 rev 2126ab0;Reptilia;Squamata;Lacertidae;Anatololacerta oertzeni
R128;n/a;v1.9 rev 2126ab0;Reptilia;Squamata;Lacertidae;Dalmatolacerta oxycephala
R129;n/a;v1.9 rev 2126ab0;Reptilia;Squamata;Lacertidae;Lacerta pamphylica
R130;n/a;v1.9 rev 2126ab0;Reptilia;Squamata;Lacertidae;Parvilacerta parva
R131;n/a;v1.9 rev 2126ab0;Reptilia;Squamata;Lacertidae;Timon princeps
R132;n/a;v1.9 rev 2126ab0;Reptilia;Squamata;Lacertidae;Lacerta schreiberi
R133;n/a;v1.9 rev 2126ab0;Reptilia;Squamata;Lacertidae;Lacerta strigata
R134;n/a;v1.9 rev 2126ab0;Reptilia;Squamata;Lacertidae;Lacerta trilineata
R135;n/a;v1.9 rev 2126ab0;Reptilia;Squamata;Lacertidae;Phoenicolacerta troodica
R136;n/a;v1.9 rev 2126ab0;Reptilia;Squamata;Lacertidae;Lacerta viridis
R137;n/a;v1.9 rev 2126ab0;Reptilia;Squamata;Lacertidae;Zootoca vivipara
R138;1056822;v1.9 rev 2126ab0;Reptilia;Squamata;Agamidae;Paralaudakia caucasia
R139;1056675;v1.9 rev 2126ab0;Reptilia;Squamata;Agamidae;Stellagama stellio
R140;1107545;v1.9 rev 2126ab0;Reptilia;Squamata;Leptotyphlopidae;Myriopholis macrorhyncha
R141;n/a;v1.9 rev 2126ab0;Reptilia;Squamata;Scincidae;Trachylepis aurata
R142;n/a;v1.9 rev 2126ab0;Reptilia;Squamata;Scincidae;Trachylepis vittata
R143;1082660;v1.9 rev 2126ab0;Reptilia;Squamata;Colubridae;Macroprotodon brevis
R144;1082065;v1.9 rev 2126ab0;Reptilia;Squamata;Colubridae;Macroprotodon cucullatus
R145;634977;v1.9 rev 2126ab0;Reptilia;Squamata;Viperidae;Macrovipera lebetina
R146;634979;v1.9 rev 2126ab0;Reptilia;Squamata;Viperidae;Macrovipera schweizeri
R147;1082070;v1.9 rev 2126ab0;Reptilia;Squamata;Colubridae;Malpolon monspessulanus
R148;551928;v1.9 rev 2126ab0;Reptilia;Testudines;Geoemydidae;Mauremys caspica
R149;551931;v1.9 rev 2126ab0;Reptilia;Testudines;Geoemydidae;Mauremys leprosa
R150;949164;v1.9 rev 2126ab0;Reptilia;Testudines;Geoemydidae;Mauremys rivulata
R151;1058458;v1.9 rev 2126ab0;Reptilia;Squamata;Viperidae;Montivipera raddei
R152;1058461;v1.9 rev 2126ab0;Reptilia;Squamata;Viperidae;Montivipera wagneri
R153;1058462;v1.9 rev 2126ab0;Reptilia;Squamata;Viperidae;Montivipera xanthina
R154;700797;v1.9 rev 2126ab0;Reptilia;Squamata;Colubridae;Natrix maura
R155;700799;v1.9 rev 2126ab0;Reptilia;Squamata;Colubridae;Natrix natrix
R156;700800;v1.9 rev 2126ab0;Reptilia;Squamata;Colubridae;Natrix tessellata
R157;n/a;v1.9 rev 2126ab0;Reptilia;Squamata;Scincidae;Ophiomorus punctatissimus
R158;n/a;v1.9 rev 2126ab0;Reptilia;Squamata;Lacertidae;Ophisops elegans
R159;1055606;v1.9 rev 2126ab0;Reptilia;Squamata;Agamidae;Phrynocephalus guttatus
R160;1055607;v1.9 rev 2126ab0;Reptilia;Squamata;Agamidae;Phrynocephalus helioscopus
R161;1055612;v1.9 rev 2126ab0;Reptilia;Squamata;Agamidae;Phrynocephalus mystaceus
R162;1055614;v1.9 rev 2126ab0;Reptilia;Squamata;Agamidae;Phrynocephalus persicus
R163;1081687;v1.9 rev 2126ab0;Reptilia;Squamata;Colubridae;Platyceps najadum
R164;n/a;v1.9 rev 2126ab0;Reptilia;Squamata;Lacertidae;Iranolacerta brandtii
R165;n/a;v1.9 rev 2126ab0;Reptilia;Squamata;Lacertidae;Podarcis liolepis
R166;n/a;v1.9 rev 2126ab0;Reptilia;Squamata;Lacertidae;Podarcis bocagei
R167;n/a;v1.9 rev 2126ab0;Reptilia;Squamata;Lacertidae;Podarcis carbonelli
R168;n/a;v1.9 rev 2126ab0;Reptilia;Squamata;Lacertidae;Podarcis erhardii
R169;n/a;v1.9 rev 2126ab0;Reptilia;Squamata;Lacertidae;Podarcis filfolensis
R170;n/a;v1.9 rev 2126ab0;Reptilia;Squamata;Lacertidae;Podarcis gaigeae
R171;n/a;v1.9 rev 2126ab0;Reptilia;Squamata;Lacertidae;Podarcis hispanicus
R172;n/a;v1.9 rev 2126ab0;Reptilia;Squamata;Lacertidae;Podarcis lilfordi
R173;n/a;v1.9 rev 2126ab0;Reptilia;Squamata;Lacertidae;Podarcis melisellensis
R174;n/a;v1.9 rev 2126ab0;Reptilia;Squamata;Lacertidae;Podarcis milensis
R175;564582;v1.9 rev 2126ab0;Reptilia;Squamata;Lacertidae;Podarcis muralis
R176;n/a;v1.9 rev 2126ab0;Reptilia;Squamata;Lacertidae;Podarcis peloponnesiacus
R177;n/a;v1.9 rev 2126ab0;Reptilia;Squamata;Lacertidae;Podarcis pityusensis
R178;n/a;v1.9 rev 2126ab0;Reptilia;Squamata;Lacertidae;Podarcis raffoneae
R179;564588;v1.9 rev 2126ab0;Reptilia;Squamata;Lacertidae;Podarcis sicula
R180;n/a;v1.9 rev 2126ab0;Reptilia;Squamata;Lacertidae;Podarcis tauricus
R181;n/a;v1.9 rev 2126ab0;Reptilia;Squamata;Lacertidae;Podarcis tiliguerta
R182;n/a;v1.9 rev 2126ab0;Reptilia;Squamata;Lacertidae;Podarcis vaucheri
R183;n/a;v1.9 rev 2126ab0;Reptilia;Squamata;Lacertidae;Podarcis waglerianus
R184;n/a;v1.9 rev 2126ab0;Reptilia;Squamata;Lacertidae;Psammodromus manuelae
R185;n/a;v1.9 rev 2126ab0;Reptilia;Squamata;Lacertidae;Psammodromus hispanicus
R186;n/a;v1.9 rev 2126ab0;Reptilia;Squamata;Anguidae;Pseudopus apodus
R187;551874;v1.9 rev 2126ab0;Reptilia;Testudines;Trionychidae;Rafetus euphraticus
R188;n/a;v1.9 rev 2126ab0;Reptilia;Squamata;Lacertidae;Darevskia chlorogaster
R189;819330;v1.9 rev 2126ab0;Reptilia;Squamata;Gekkonidae;Tarentola angustimentalis
R190;819331;v1.9 rev 2126ab0;Reptilia;Squamata;Gekkonidae;Tarentola bischoffi
R191;819333;v1.9 rev 2126ab0;Reptilia;Squamata;Gekkonidae;Tarentola boettgeri
R192;819338;v1.9 rev 2126ab0;Reptilia;Squamata;Gekkonidae;Tarentola delalandii
R193;819342;v1.9 rev 2126ab0;Reptilia;Squamata;Gekkonidae;Tarentola gomerensis
R194;683045;v1.9 rev 2126ab0;Reptilia;Squamata;Gekkonidae;Tarentola mauritanica
R195;1082410;v1.9 rev 2126ab0;Reptilia;Squamata;Colubridae;Telescopus fallax
R196;551865;v1.9 rev 2126ab0;Reptilia;Testudines;Testudinidae;Testudo graeca
R197;551866;v1.9 rev 2126ab0;Reptilia;Testudines;Testudinidae;Testudo hermanni
R198;949337;v1.9 rev 2126ab0;Reptilia;Testudines;Emydidae;Emys trinacris
R199;551869;v1.9 rev 2126ab0;Reptilia;Testudines;Testudinidae;Testudo marginata
R200;1056885;v1.9 rev 2126ab0;Reptilia;Squamata;Agamidae;Trapelus agilis
R201;1056893;v1.9 rev 2126ab0;Reptilia;Squamata;Agamidae;Trapelus lessonae
R202;551876;v1.9 rev 2126ab0;Reptilia;Testudines;Trionychidae;Trionyx triunguis
R203;1116234;v1.9 rev 2126ab0;Reptilia;Squamata;Typhlopidae;Xerotyphlops vermicularis
R204;202167;v1.9 rev 2126ab0;Reptilia;Squamata;Varanidae;Varanus griseus
R205;1058453;v1.9 rev 2126ab0;Reptilia;Squamata;Viperidae;Montivipera albizona
R206;634985;v1.9 rev 2126ab0;Reptilia;Squamata;Viperidae;Vipera ammodytes
R207;634986;v1.9 rev 2126ab0;Reptilia;Squamata;Viperidae;Vipera aspis
R208;634988;v1.9 rev 2126ab0;Reptilia;Squamata;Viperidae;Vipera berus
R209;1058554;v1.9 rev 2126ab0;Reptilia;Squamata;Viperidae;Montivipera bulgardaghica
R210;634991;v1.9 rev 2126ab0;Reptilia;Squamata;Viperidae;Vipera darevskii
R211;634992;v1.9 rev 2126ab0;Reptilia;Squamata;Viperidae;Vipera dinniki
R212;634993;v1.9 rev 2126ab0;Reptilia;Squamata;Viperidae;Vipera kaznakovi
R213;634994;v1.9 rev 2126ab0;Reptilia;Squamata;Viperidae;Vipera latastei
R214;1058754;v1.9 rev 2126ab0;Reptilia;Squamata;Viperidae;Vipera berus nikolskii
R215;634999;v1.9 rev 2126ab0;Reptilia;Squamata;Viperidae;Vipera pontica
R216;1058460;v1.9 rev 2126ab0;Reptilia;Squamata;Viperidae;Vipera transcaucasiana
R217;635001;v1.9 rev 2126ab0;Reptilia;Squamata;Viperidae;Vipera seoanei
R218;635002;v1.9 rev 2126ab0;Reptilia;Squamata;Viperidae;Vipera ursinii
R219;1081675;v1.9 rev 2126ab0;Reptilia;Squamata;Colubridae;Dolichophis caspius
R220;715147;v1.9 rev 2126ab0;Reptilia;Squamata;Chamaeleonidae;Chamaeleo africanus
R221;1081683;v1.9 rev 2126ab0;Reptilia;Squamata;Colubridae;Dolichophis jugularis
R222;1081688;v1.9 rev 2126ab0;Reptilia;Squamata;Colubridae;Hemorrhois nummifer
R223;1081672;v1.9 rev 2126ab0;Reptilia;Squamata;Colubridae;Hemorrhois algirus
R224;1084222;v1.9 rev 2126ab0;Reptilia;Squamata;Colubridae;Hierophis viridiflavus carbonarius
R225;1081692;v1.9 rev 2126ab0;Reptilia;Squamata;Colubridae;Dolichophis schmidti
R226;1082516;v1.9 rev 2126ab0;Reptilia;Squamata;Colubridae;Elaphe sauromates
R227;1058459;v1.9 rev 2126ab0;Reptilia;Squamata;Viperidae;Vipera renardi
R228;819301;v1.9 rev 2126ab0;Reptilia;Squamata;Gekkonidae;Stenodactylus grandiceps
R229;n/a;v1.9 rev 2126ab0;Reptilia;Squamata;Lacertidae;Acanthodactylus boskianus
R230;1081689;v1.9 rev 2126ab0;Reptilia;Squamata;Colubridae;Hemorrhois ravergieri
R231;1081698;v1.9 rev 2126ab0;Reptilia;Squamata;Colubridae;Platyceps ventromaculatus
R232;1082262;v1.9 rev 2126ab0;Reptilia;Squamata;Colubridae;Eirenis persicus
R233;1082325;v1.9 rev 2126ab0;Reptilia;Squamata;Colubridae;Rhynchocalamus melanocephalus
R234;1082361;v1.9 rev 2126ab0;Reptilia;Squamata;Colubridae;Spalerosophis diadema
R235;818503;v1.9 rev 2126ab0;Reptilia;Squamata;Gekkonidae;Eublepharis angramainyu
R236;n/a;v1.9 rev 2126ab0;Reptilia;Squamata;Scincidae;Trachylepis septemtaeniata
R237;n/a;v1.9 rev 2126ab0;Reptilia;Squamata;Scincidae;Acanthodactylus harranensis
R238;n/a;v1.9 rev 2126ab0;Reptilia;Squamata;Scincidae;Acanthodactylus grandis
R239;n/a;v1.9 rev 2126ab0;Reptilia;Squamata;Lacertidae;Eremias persica
R240;1058455;v1.9 rev 2126ab0;Reptilia;Squamata;Viperidae;Vipera eriwanensis
R241;n/a;v1.9 rev 2126ab0;Reptilia;Squamata;Colubridae;Zamenis persicus
R242;634995;v1.9 rev 2126ab0;Reptilia;Squamata;Viperidae;Vipera lotievi
R245;n/a;v1.9 rev 2126ab0;Reptilia;Squamata;Lacertidae;Mesalina brevirostris
R246;1082413;v1.9 rev 2126ab0;Reptilia;Squamata;Colubridae;Telescopus nigriceps
R247;634982;v1.9 rev 2126ab0;Reptilia;Squamata;Viperidae;Pseudocerastes persicus
R248;1116130;v1.9 rev 2126ab0;Reptilia;Squamata;Typhlopoidea;Letheobia episcopus
R249;1082868;v1.9 rev 2126ab0;Reptilia;Squamata;Colubridae;Muhtarophis barani
R251;1082750;v1.9 rev 2126ab0;Reptilia;Squamata;Colubridae;Macroprotodon mauritanicus
R252;1082496;v1.9 rev 2126ab0;Reptilia;Squamata;Colubridae;Eirenis coronelloides
R253;n/a;v1.9 rev 2126ab0;Reptilia;Squamata;Lacertidae;Psammodromus jeanneae
